id,fullname,shortname,idnumber
4,"Professional Studies",X_899_09,X_899_09
5,"A2 Psychology",X_A2_Psychology_0506,X_A2_Psychology_0506
7817,"Assessment Zone - L2 Carpentry",AssL2Carp,
7818,"Surveys &gt; Staff Surveys","Surveys &gt; Staff Surveys",StaffSurveys
7819,"Surveys &gt; Student Surveys","Surveys &gt; Student Surveys",StudentSurveys
6,"A2 Mathematics","A2 Maths",
15035,"Mock Course","Mock Course",
15037,"[D1164] IMI Entry Level 3 Motor Vehicle (D1164)","IMI Entry Level 3 Motor Vehicle",D1164
15058,"Blank Course","Web Mail With Resh",1234
15086,"Blank ClickView Course",BlankCLickView,
15072,"Grade Tracking Training Course 1","Grade Tracking Training Course 1",
15057,"Example Resources and Activities",ExampleResandAct,
8,"AS Mathematics",X_A519,X_A519
10,"AS/A2 Physics",X_A520,X_A520
10853,"All Outdoor Ed Students - Messaging",AllOutEd,AllOutEd
12,"GCSE Mathematics & Statistics",X_A617,X_A617
13,"National Diploma in Forensic Science",X_A618,X_A618
14,"Learning & Teaching with ICT in PCE",X_A619,X_A619
15,"UoB Diploma in Mentoring in Education",X_A633,X_A633
16,"Diploma in Tutoring, Guidance and Support ",X_A634,X_A634
17,"Access ICT",X_Access_HE_ICT,X_Access_HE_ICT
18,"Access Psychology",X_access_psychology,X_access_psychology
19,"Business Accounting",X_Account_01,X_Account_01
22,"BTEC Nationals Construction - Year 1","BTEC Nationals Construction - Year 1",X_btec_Const
14152,"Level 3 Subsidiary Diploma in Animal Care","Level 3 Subsidiary Diploma in Animal Care",
14199,"Moodle Induction","Moodle Induction",
23,"Carpentry and Joinery",X_Carp_Join_L2,X_Carp_Join_L2
18468,"Ascentis Healthy Living Level 1","Ascentis Healthy Living Level 1",
30,"Functional Skills - Computing",FuncSkills,X_Comp_KS
35,"Diploma in Hairdressing for Level 2","Diploma in Hairdressing for Level 2",X_danni_Training
37,"Access Maths","Access Maths",X_E011
10687,"National Diploma in Arboriculture",B872,
10693,"RHS Practical Horticulture L2",B786,
10694,"RHS Practical Horticulture L1",B785,
10695,"RHS Certificate in the Principles of Garden Planning, Constuctions and Planting (L3 - Day)",B792,
10701,"RHS - Certificate in Plant Growth, Propagation and Development (l2 - Eve)","B787 - Eve",
10702,"National Diploma in Arboriculture copy 1",B872_1,
15096,"L1 Land Based Studies",B948,
40,"IFS School of Learning","IFS School of Learning",X_E1195_E1315_E1260_E1466_E1266
41,"CTLLS & PTLLS","CTLLS & PTLLS",X_E1238
10781,"H658 Level 2 Professional Cookery 7100-82",H658,
8005,"GCSE Law",GCSELaw,
42,"HND FT Business",X_E1241,X_E1241
43,"TAQA: Training, Assessing, Quality Assurance Award",TAQA,E1973
44,"NVQ Level 3 Supporting Teaching & Learning In Schools",X_E766-E767,X_E766-E767
45,"Foundation Degree in Psychology and Crime",X_E780,X_E780
7829,"Level 2 Diploma in Floristry YR2 (SH)","NDF2 (SH) Yr2",
7830,"Level 3 Diploma/Certificate in Floristry Full / Part time (SH) ","NDF3 FT PT  (SH)",
7832,"Level 2 Diploma Animal Care - Shuttleworth",Lv2DACFTS,8
14090,"Electrical Installation Level 2",EIL2,EIL2
7833,"Moodle Bytesize Practice Area",PracSpac_2,
46,"Chartered Institute of Marketing CIM ",X_E969,X_E969
47,"Electrical Course",X_electrical1,X_electrical1
48,"Engineering: City and Guilds",X_Eng_CG,X_Eng_CG
7925,"National Diploma in Countryside Management",NDCMFTS,
49,"Engineering: BTEC L2 First Diploma",X_Eng_FirstDip,X_Eng_FirstDip
50,"Engineering: HNC & HND",X_Eng_HNC_D,X_Eng_HNC_D
18300,"English for Literacy and Language Teaching","E2215: English for Literacy and Language Teaching",
18301,"Mathematics for Numeracy Teaching","E2214: Mathematics for Numeracy Teaching",
10852,MegaMeta,MegaMeta,MegaMeta
10854,"Associated Studies/Functional Skills",FuncSkil6th,
51,"Engineering: Diploma and Extended Diploma",X_Eng_NatCert,X_Eng_NatCert
19247,"Agricultural Work Based Learners","Agricultural Work Based Learners",
19248,"Practice Area","Practice Area",
19258,"[B323-14] - L3 Extended Diploma Agriculture","L3 Extended Diploma Agriculture (14)",B323-14
7874,"Plumbing Full Time Level 2",PlumbLv2,
56,"Foundation Degree Sustainable Construction Year 1","FD Sustainable Construction YR1",X_FD_Sust_Const
10691,"Practical Gardening",B838,
57,"First Dip (Level 2) - Travel and Tourism",X_FirstDipL2,X_FirstDipL2
58,"Foundation Diploma in Art & Design (3D Design Pathway)",X_FSArtDgn_3DDesign,X_FSArtDgn_3DDesign
59,"Foundation Diploma in Art & Design: Fine Art",X_FSArtDgn_FineArt,X_FSArtDgn_FineArt
60,"GCSE Psychology","X_GCSE Psychology",X_gcse_psychology
61,"HNC/HND in Business",X_H322,X_H322
62,"[H647] - Level 2 Diploma in Sport","Level 2 Diploma in Sport",H647
10833,"IT Apprenticeships",ITApps,
10480,"Level 3 Extended Diploma in Sport (Year 1)","H649 (13)",
10780,"Level 1 Professional Cookery 7100-81",H657,
7885,"CMI Diploma in Management and Leadership L5","CMI Dip5",CMIDip5
7804,"CPCAB Level 4 Diploma in Therapeutic Counselling Year 2",CPCABLv4Yr2,
64,"HND/HNC 3D Design",X_HEAD_3DDesign,X_HEAD_3DDesign
65,"HND/HNC Fine Art",X_HEAD_FineArt,X_HEAD_FineArt
66,"HND/HNC Graphic Design",X_HEAD_GraphicDesign,X_HEAD_GraphicDesign
73,"Beauty Therapy","Beauty Therapy",X_J005
74,"Holistics for Level 3","Holistics for Level 3",J528
10743,"C&G 6139 Plumbing Technical Certificate L3 Eve",C409Eve,
10709,"Introduction to Counselling",K475,
10755,"Ascentis 14+",Ascentis14+,
75,"Anatomy and Physiology For Level 3","Anatomy and Physiology For Level 3","J692 & J700 &J768"
76,"BTEC EXTENDED  DIPLOMA IN HEALTH AND SOCIAL CARE YR 2","BTEC Extdip H&SC","K1005 (09)"
4018,"Student Services &gt; Staff","Student Services &gt; Staff",SS-Staff
4020,Enrichment,Enrichment,Enrichment
18467,"Ascentis Enironmental Sustainability Level 2","Ascentis Enironmental Sustainability Level 2",
14756,"[K1255] - Level 3 Certificate in Supporting Teaching and Learning in Schools","Level 3 Certificate in Supporting Teaching and Learning in Schools",K1255
14757,"[K1389] Level 3 Award in Supporting Teaching and Learning in Schools (College based)","Level 3 Award in Supporting Teaching and Learning in Schools (College based)",
10697,"RHS - Certificate in the principles of PLANT Growth, Health and Applied Propogation (L3 - Day)","B792 - Day",
10698,"RHS - Certificate in the principles of Garden Planning, Establishment and Maintenance (L2 - Day)","B790 - Day",
7886,"BTEC Construction and the Built Environment Diploma",BTECCF101,CF101
4021,"Student Services &gt; Student Council","Student Services &gt; Student Council",StudentCouncil
4022,"GCSE English",GCSEEng,
4025,"Level 3 Diploma & Extended Diploma in Sport (Year 2)","H648 & H649 (Yr2)","H648/H649 (Yr2)"
4027,"Motor Cycle Evenings 09/10",MoCyEve,
4032,"D596:Light Vehicle Level 2",D596:LigVehLev2,
4033,"Body and Paint Level 2",D850:BodPainLev2,
4034,"D688/D820: Light Vehicle Level 1",LighVehLev1,
4035,"Light Vehicle Level 2",D688/820:LighVehLev2,
4036,"D911:Motorcycle Level 1",D911:MotCynLv1,
4037,"D582:Motorcycle Level 2",D582:MotoCyLev2,
4038,"D661/D662:Re Finishing",D661/662:Refin,
4039,"D663/D664:Paint/Body Level 3",D663/664:PainBodLev3,
4017,"Student Services &gt; Finance","Student Services &gt; Finance",SS-F
77,"Childrens Care, Learning & Development",X_K1008_09,X_K1008_09
78,"QCF Level 2 & Level 3 Diploma in Health & Social Care",X_K390S2,X_K390S2
79,"Foundation Degree Child and Adolescent Studies",FdCas,
8010,"Library - Shuttleworth",LibResShutt,
80,"NVQ Level 4 Health & Social Care & RMA","K 674 & K675","K674 & K675"
7800,"Sharing Best Practice at Bedford College","Sharing Best Practice",SharBestPrac
7801,"CPCAB Level 4 Diploma in Therapeutic Counselling Year 1",CPCABLv4,
7802,"CPCAB Level 2 Certificate in Counselling Skills",CPCABLv2,
7803,"CPCAB Level 3 Certificate  in Counselling Studies",CPCABLv3,
7805,"(14-16) Salon Services Certificate",J388,
7807,"Int - Hairdressing ",J444,
82,"CACHE Child Care and Education ACD level 3","CACHE Child Care and Education ACD level 3",X_K649
83,"NVQ Level 3 Health & Social Care",X_K937S2,X_K937S2
7837,"Level 2 Diploma Horse Care - Shuttleworth",B383,
7848,"National Award in Sport - Shuttleworth",NASFTS^09,
7849,"City & Guilds Level 2 Certificate in Floristry Part Time","NDF L2 PT YR1",
7850,"City & Guilds Level 2 Diploma in Floristry Full time","NDF L2 FT",
7851,"L3 B323-13 Extended Diploma Agriculture yr 1","L3 Extended Diploma Agriculture",B323-13
7824,"National Award Music Technology",L879,
7853,"Extended Diploma Animal Management Y1 - Shuttleworth","Extended Diploma Animal Management Y1 - Shuttleworth",
7854,"Extended Diploma Animal Management Y2 - Shuttleworth","Extended Diploma Animal Management Y2 - Shuttleworth",
10831,"A Level Physical Education",H1140,
14131,"PC Maintenance L1","PC Maintenance L1",F1769
14146,"Part time Circuit Construction [D1193]","Part Time Circuit Construction",D1193
14154,"Access Law","Access Law",
14158,"NVQ Hairdressing for Level 1","NVQ Hairdressing for Level 1",
86,"Foundation Degree Music Technology",X_L516,X_L516
88,"Nat Cert Mus Tech Yr2",X_L519,X_L519
10779,"Second Year BTEC Nationals for IT Practitioners",BTEC2ndIT,
7821,"NEET 4 SKILLS DEVELOPMENT (ESF)- TO  BE DELETED","E1620- TO  BE DELETED",
7860,"Shuttleworth Football Club",shufc08,
7861,"Student Health and Safety",StdHealSafe,
89,"BTEC National Diploma Performing Arts (Dance) Yr2 (OLD)","BTEC National Diploma Performing Arts (Dance) Yr2 (OLD)",X_L520
90,"BTEC National Diploma Performing Arts (Acting) Year 2 (OLD)","BTEC National Diploma Performing Arts (Acting) Year 2 (OLD)",X_L521
10493,"BTEC Extended Diploma Performing Arts (Dance) Yr1 (OLD)","BTEC Extended Diploma Performing Arts (Dance) Yr1 (OLD)",
18335,"[L520] - BTEC LEVEL 3 Performing Arts (Dance)","BTEC LEVEL 3 Performing Arts (Dance)",L520
18336,"[L1291]- BTEC Level 3 Performing Arts (Musical Theatre)","BTEC Level 3 Performing Arts (Musical Theatre)",L1291
18337,"[L522] - BTEC Level 3 Production Arts","BTEC Level 3 Production Arts",L522
18338,"[L1531] - BTEC Level 3 Production Arts (Make UP)","BTEC Level 3 Production Arts (Make UP)",L1531
18339,"[C898] - BTEC Level 2 in Construction","BTEC Level 2 in Construction",C898
92,"[L524] - BTEC Level 2 Diploma in Performing Arts Year 2","BTEC Level 2 Diploma in Performing Arts Year 2",X_L524
94,"AS Psychology",X_m342,X_m342
95,"AS Sociology ",X_m344,X_m344
96,"GCSE Sociology",X_M350,X_M350
97,"IMI Motor Cycle Level 2",X_MC_IML_L2,X_MC_IML_L2
99,"Motor Vehicle IMI Level 1",X_MV_IMI_L1,X_MV_IMI_L1
100,"Motor Vehicle IMI Level 2",X_MV_IMI_L2,X_MV_IMI_L2
101,"Motor Vehicle Level 3 Day Release",X_MV_L3_DR,X_MV_L3_DR
102,"A2 English Literature",X_N313,X_N313
18299,"L3 Music Y1",L3MusicY1,
103,"AS English Literature",AsEngLit,X_N324
105,"NCFE Level 2 Cabin Crew",X_NCFEL2CC,X_NCFEL2CC
7982,"C&G 2330 ELECTRO TECH CERT L3 ",C&GELECL3,
106,"NCFE Level 2 Aviation Operations on the Ground",X_NCFEL2PSA,X_NCFEL2PSA
107,"Extended Diploma Fine Art","Extended Diploma Fine Art","Extended Diploma Fine Art"
108,"Extended Diploma Graphic Design","Extended Diploma Graphic Design","Extended Diploma Graphic Design"
109,"Extended Diploma Fashion & Textiles",X_DArtDgn_Textiles,X_DArtDgn_Textiles
7795,"Carpentry and Joinery NVQ and Technical Certificate Level 3",CarpJoin3,
110,"Level 3 Extended Diploma - Creative Media Production",X_ND_Medi,X_ND_Medi
14034,"Numeracy Diploma","Numeracy Diploma - A611",A611
14035,"Child Care Level 3","Child Care Level 3 - K1341",K1341
14104,"[B414] - Level 3 Extended Diploma Sport (Outdoor Adventure) - Year 1","Level 3 Extended Diploma Sport (Outdoor Adventure) - Year 1",B414
14080,"L3 Music Technology Y2",L3MusicTechY2,
14081,"L3 Music Y2",L3Music,
14083,"L2 Music",L2Music,
112,"Painting and Decorating",X_paint_dec1,X_paint_dec1
115,"AS/A2 LAW",X_M338,X_M338
116,"AS Government and Politics",ASGovPol,X_M335
117,"BTEC Diploma Performing Arts (Production)",X_L022,X_L022
119,"GCSE Mathematics",X_A528,X_A528
122,"BTEC National Diploma in Business",X_E014,X_E014
124,"Engineering: PEO",X_Eng_PEO,X_Eng_PEO
125,"Practice Assessment Zone","Practice Assessment Zone",X_Assess_Con_Pr
126,"National Extended & Diploma  (Level 3) - Travel and Tourism",X_NatCertDipTT,X_NatCertDipTT
7863,"Foundation Skills Programme",X380,"X380 X424"
127,"Intro Dip (Level 1) - Travel and Tourism",X_IntroDip,X_IntroDip
128,"L2 Music Technology",X_L523,X_L523
10703,"L2 Agriculture 14-16",B798,
7820,"Functional Skills - Motor Vehicle",FuncMoto,
19742,"Level 1 Land Based Studies 14-16",B1137,
19743,"Level 2 Extended Certificate in Horse Care 14-16",B802,
7857,"[B414] - Level 3 Extended Diploma Sport (Outdoor Adventure) - Year 2","Level 3 Extended Diploma Sport (Outdoor Adventure) - Year 2",B414
18431,"Ascentis Personal Finance Level 1","Ascentis Personal Finance Level 1",
18432,"Ascentis Enviromental Sustainability Level 1","Ascentis Enviromental Sustainability Level 1",
18433,"Ascentis Health & Safety Level 1","Ascentis Health & Safety Level 1",
10802,"Maths for Teachers",A5623,
7858,"National Diploma Sport with Outdoor Education Year 2 - Shuttleworth",NDSPOEFTS2,
129,"Biology for Access Courses",X_dfunge,X_dfunge
130,"Assessment Zone - L1 Carpentry",X_Assess_Con,X_Assess_Con
132,"Nat Dip Mus Tech Y2",X_L518Y2,X_L518
10683,"National Diploma Music Tech - Year 1",L518,
14243,"L3 YR1 6189-33 ","L3 YR1 6189-33 ",
3761," Assessment zone - Painting and Decorating ",AssessPD,
3762,"Painting and Decorating Revision Area",RevisionPD,
3764,"A2 Chemistry","A2 Chemistry",
3765,"A Level Chemistry","A Level Chemistry",X_A514
3766,"NVQ Level 2 Hairdressing & Diploma Level 2 & 3 Barbering Courses","NVQ Level 2 Hairdressing & Diploma Level 2 & 3 Barbering Courses",X_J001
3767,"FDA in Animation for Industry","FDA in Animation for Industry",A_FD_IndAnim
3771,"Level 3 National Diploma in Uniformed Public Services Year 2","Level 3 National Diploma in Uniformed Public Services Year 2",K646-12
3772,"Level 2 Diploma in Uniformed Public Services","Level 2 Diploma in Uniformed Public Services","K645 - 13"
3774,"HNC in Public Services",HNC_PS,
3775,"Access Health and Social Studies - Full Time","Access Health and Social Studies - Full Time",X_AccessHea
7862,"Level 1 Environmental Sustainability",EnvSus,
3777,"Brush Up Your Maths JF",X_P873,X_P873
3778,"Student Services &gt; Student Zone","Student Services &gt; Student Zone",X_Student_Zone
7883,"Associated Studies - Key Skills",AssStud,
3779,"Student Services &gt; Careers Zone","Student Services &gt; Careers Zone",X_Career_Zone
10762,"[B404] - Level 2 Diploma Sport with Outdoor Adventure","Level 2 Diploma Sport with Outdoor Adventure",B404
10859,"[B332] - Level 1 Diploma Land Based Studies","Level 1 Diploma Land Based Studies",B332
10765,"Construction End Unit Assessment Zone",ConsAssZon,
3782,"IT Services Training Course for Staff",X_ITS_Training,X_ITS_Training
3784,"Smartboard Training",Smart,SmartTrain
3788,"Moodle Training",ModTrain,ModTrain
7796,"Plumbing Full Time Level 1",C557,
7797,"Adv - Plumbing",C696,
3792,"City and Guilds Plumbing Technical Certificate Group A",CGTechPlum,C412A09
3793,"LDD Adults","LDD Adults",A_LDD_Ad
3857,"Functional Skills and Key Skills for Construction (D Belcher)","Functional Skills and Key Skills for Construction (DB) ",A_KS_Const_DB
18736,"[K1298] - Level 3 Diploma Supporting Teaching and Learning in Shools","Level 3 Diploma Supporting Teaching and Learning in Shools",K1298
18518,"[E1923] - Certificate for Supporting Teaching and Learning in Schools","Certificate for Supporting Teaching and Learning in Schools",E1923
18517,"[K1389] - Level 3 Award Supporting Teaching and Learning in Schools","Level 3 Award Supporting Teaching and Learning in Schools",
3859,"Level 2 Diploma - Creative Media Production",FirstDipMed,
14093,"Functional Skills Engineering",FuncSkillEng,FuncSkillEng
3860,"Foundation Degree Media",FDMed,L515
3862,"ILP Test Course","ILP Test Course",A_ILP_Test
3864,"Library - Bedford",LibRes,
3866,"A2 Sociology",A2_Soc,
3867,"Access Sociology",Ac_Soc,
3868,"City and Guilds Plumbing Technical Certificate Group B",C&GPlumB,
10744,"Aeronautical Engineering Level 3","Aeronautical Engineering Level 3",
7841,"Diploma in Animal Management - Shuttleworth",DipMFTS,
7846,"Advanced landscape construction - Shuttleworth",NAHLDPS23,
7808,"(14-16) Young Apprenticeship Hairdressing Level 2",J656,
3878,"Assessment Zone - Bricklaying",AssessBrickLay,
3883,"AS History",ASHist,
3884,"A Level History",AHist,
7842,"Investigative Project - Shuttleworth",NAHLDPS01,
7843,"Horticultural business accounting and management - Shuttleworth",NAHLDPS02,
10763,CPD,CPD,
14122,"Horticulture Apprenticeship (B880)","B880 - Horticultue Apprenticeship",B880
14123,"Agriculture Apprenticeship - B1043","Agriculture Apprenticeship - B1043",B1043
3893,"Management Level 3 NVQ",Man3,
3894,"Management Level 4 NVQ",Man4,
3895,"Management Level 5 NVQ",Man5,
10684,"[B399] - Extended Diploma in Horticulture - Yr1","Extended Diploma in Horticulture - Yr1",B399
10696,"RHS - Certificate in the principles of PLANT Growth, Health and Applied Propogation (L3 - Evening)","B792 - Eve",
3897,"Business Administration","Business Administration",
3898,"Brush up your English",BUYEng,
3899,"Brush up your English (Entry)",BUYEngEnt,
3901,"Brush up your Maths (Entry)",BUYMaEnt,
3902,"Brush up your English (Workshop)",BUYEngWork,
3904,"Brush up your English NS",BUYEngNS_1,
3905,"Brush up your English (Entry) NS",BUYEngEntNS,
3907,"Brush up your Maths (Entry) NS",BUYMaEntNS,
3908,"Brush up your Maths (Entry) KN",BUYMaEntKN,
3910,"Brush up your English (Entry) KN",BUYEngEntKN,
3911,"Brush up your English KN",BUYEngKN,
3915,"Brush up your Maths (Entry) MW",BUYMaEntMW,
3917,"Brush up your English (Entry) MW",BUYEngEntMW,
3918,"Brush up your English MW",BUYEngMW,
3919,"Brush up your Maths (Entry) BH",BUYMaEntBH,
3921,"Brush up your English (Entry) BH",BUYEngEntBH,
3922,"Brush up your English BH",BUYEngBH,
3923,"Brush up your Maths (Entry) MaW",BUYMaEntMaW,
3925,"Brush up your English (Entry) MaW",BUYEngEntMaW,
3926,"Brush up your English MaW",BUYEngMaW,
3927,"Brush up your Maths (Entry) AR",BUYMaEntAR,
3929,"Brush up your English (Entry) AR",BUYEngEntAR,
3930,"Brush up your English AR",BUYEngAR,
3931,"Brush up your Maths (Entry) AU",BUYMaEntAU,
3933,"Brush up your English (Entry) AU",BUYEngEntAU,
3934,"Brush up your EnglishAU",BUYEngAU,
3935,"Brush up your Maths (Entry) DM",BUYMaEntDM,
3937,"Brush up your English (Entry) DM",BUYEngEntDM,
3938,"Brush up your English DM",BUYEngDM,
3939,"Brush up your Maths (Entry) JF",BUYMaEntJF,
3940,"Brush up your English (Entry) JF",BUYEngEntJF,
3941,"Brush up your English JF",BUYEngJF,
3942,"NVQ Level 2 Supporting Teaching & Learning In Schools",X_E766-E767Levl2,
14755,"[K1393] Level 2 Certificate in Supporting the Teaching and Learning of a Bilingual Learner",K1393,
3943,"Level 2 Diploma - Art and Design",FirstDip,
18331,"[E1897] CACHE Level 2 Award in Support Work in Schools (QCF)","E1897: CACHE Level 2 Award in Support Work in Schools (QCF)",
18332,"CACHE Level 2 Certificate in Supporting Teaching and Learning in Schools (QCF)","E1923: CACHE Level 2 Certificate in Supporting Teaching and Learning in Schools (QCF)",
18334,"[L521] - BTEC LEVEL 3 Performing Arts (Acting)","BTEC LEVEL 3 Performing Arts (Acting)",L521
3944,"Level 1 Diploma in Art and Design",IntDipArt,
18474,"NCFE Job Search and Interview Skills","NCFE Job Search and Interview Skills",
3945,"Extended Diploma in Interactive Media","Extended Diploma in Interactive Media",
3946,"Functional Skills and Key Skills for Construction (Lesley Brooke)","Functional Skills and Key Skills for Construction (LB)",C451
3947,"AS Geography","AS Geography",AS_Geog
3948,"A2 Geography","A2 Geography",A2_Geog
3949,"AS Environmental Studies","AS Environmental Studies",AS_Env_Stud
3950,"A2 Environmental Studies","A2 Environmental Studies",A2_Env_Stud
3951,"A level Geology",AGeology,
3953,"AS Archaeology","AS Archaeology",AS_Arch
3954,"A2 Archaeology","A2 Archaeology",A2_Arch
3956,Comp_ITQ,Comp_ITQ,Comp_ITQ
3957,"Functional Skills Resources","Functional Skills Resources",
3959,"Extended Diploma in Photography","ED in Photography",EDinPhoto
3961,"GCSE General Studies",GenStudGCSE,
3965,"14+ Students Information",StuInfo,
3967,"Childcare L1",ChildL1,ChildL1
3968,"GCSE Business Studies",GCSEBusStud,
3969,"CACHE Level 2 Children's Care Learning and Development",K1120,K1120
10699,"RHS - Certificate in the principles of Garden Planning, Establishment and Maintenance (L2 - Eve)","B788 - Eve",
3971,"Construction L1",ConsL1,
3972,"Construction L2",ConsL2,C862
3973,"Engineering L1",EngL1,EngL1
3974,"Engineering L2",EngL2,EngL2
3975,"Hair and Beauty L1",HairBeaL1,HairBeaL1
3976,"Hairdressing Level2",HairL2,HairL2
3977,"Hospitality and Catering L1",HospL1,HospL1
3978,"Hospitality and Catering L2",HospL2,HospL2
3979,"Motor Vehicle L1 IMI",MotVehL1,MotVehL1
3980,"Motor Vehicle L2 BTEC",MotVehL2BTec,MotVehL2BTec
3981,"Motor Vehicle L2 IMI",MotVehL2IMI,
3985,"AS Economics",ASEco,
3986,"Assessment Zone - L3 Carpentry",AssL3Carp,
3987,"BTEC Level 1 Certificate in IT and Workskills",Lv1CertIT,
3989,"BTEC Level 3 in IT","BTEC Level 3 in IT",
3990,"Foundation Degree in IT Networking and Security",FdScITNetSec,"F1090, F1085"
3993,"ITQ - CompTIA Strata","ITQ Strata 1","F1231, F1658, F1048A, F1048B"
3995,"Website Design Level 2 with Adobe Dreamweaver CS3",DreamCS3,
3996,"BTEC National Diploma Construction - Year 2",BTECNDYR2,
3997,"Foundation Degree Sustainable Construction - Year 2",FDSusConsYR2,
3998,"BTEC Extended Diploma in Health and Social Care Year 2","Year 2 Social Care",K1005A
10818,"Functional Skills - Motor Vehicle",FuncSkilVTC,
4001,"BTEC L2 First Diploma in Health and Social Care","BTEC L2 First Diploma in Health and Social Care",K639
4002,"Advanced Beauty Therapy Level 3","Advanced Beauty Therapy Level 3",
4003,"Intermediate Beauty Therapy for level 2","Intermediate Beauty Therapy for level 2",
4004,"Foundation Beauty Therapy for Level 1","Foundation Beauty Therapy for Level 1",
4005,"BTEC L1 Health & Social Care (FLT)",FdnCare,K1124
4007,"HNC/HND Textiles/Fashion",HNCDText,
4008,"Child Care Level 1",CCLevel1,
4010,"Edexcel Level 3 BTEC Foundation Diploma in Art and Design: Diagnostic First Term","FAD 10/11",
14132,"BTEC Level 2 Diploma in IT",BTECLvl2DipIT,
4014,"Student Services","Student Services",StudServ
4015,"Student Services &gt; Additional Support","Student Services &gt; Additional Support",SS-AD
4029,"D589:Light Vehicle Level 1",D589:LigVehLev1,
4030,"D610:Body and Paint Level 1",D610:BodPainLev1,
4031,"D867:BTEC - Level 3 National Diploma in Vehicle Technology F/T",D867:NDVehTech,
14198,"Electrical Engineering - Evening Course [D1241]","Electrical Engineering - Evening Course",D1241
14223,"Shuttleworth Pig Blog","Shuttleworth Pig Blog","Pig Blog"
7535,"Practice Space copy 1",PracSpac_1,
7880,"AS Communication and Culture",ComCul,
7542,"IT Hints and Tips",MoodleHints,MoodleHints
10685,"[B399] - Extended Diploma in Horticulture - Yr2","Extended Diploma in Horticulture - Yr2",B399
14177,"Introduction To Marketing [E1864]","Introduction To Marketing",E1864
7787,"Fdn - Performing Arts (I)",L601,
7782,"D791/D821:Light Vehicle Level 3",D791/D821,
7783,"NCFE Sustainable Development L1 ",SusDev,
7788,"OCNOTC ACCESS TO HE DIP NURSING A L3",E1244,
7789,"[E1677] - OCNOTC ACCESS TO HE DIP MIDWIFERY L3","OCNOTC ACCESS TO HE DIP MIDWIFERY L3",E1677
7790,"OCNOTC ACCESS TO HE DIP SCIENCE L3",E1246,
7791,"OCNOTC ACCESS TO HE DIP TEACHER ED L3",E1240,
7792,"OCNOTC ACCESS TO HE DIP SOCL SCIENCES L3",E1248,
7793,"Int - Pathway to Advanced Study",E1133,
14616,"Access to Nurses","E2074 Access to Nurses",E2074
7865,"Access to Combined Studies","Access to Combined Studies",X_E1803
7866,"Access to Teacher Education",AccTeachEd,
7968,"CMI L3 Diploma in First Line Management ",CMIL3Dip,
7869,"Electrotechnical Installations - Level 1","Electrotechnical Installs - L1",EIL1
7872,"IT Essentials 1","IT Essentials 1",ITEssentials1
7873,"Financial Services Diploma Level 2","Financial Services Dipl L2",FSDL2
7875,"Plumbing Full Time Level 3","Plumbing Full Time Level 3",C696
7876,"Water Regulations (Short Course)",WatRegs,
7877,"Unvented (Short Course)",Unvent,
7878,"Solar (Short Course)",Solar,
7879,"A2 Government and Politics",GovPol,
7882,"AS Film Studies",ASFilm,
7881,"AS Philosophy",ASPhil,
7887,"Extended Diploma Design Crafts",L013,
7954,"Student Services Home Shuttleworth",PortalShutt,
7889,"Introduction to PHP and MySQL","Intro to PHP and MySQL",IntroPHP
7891,"[K1128] - Cache Level 2 Certificate, Award & Diploma In Childcare & Education","Cache Level 2 Certificate, Award & Diploma In Childcare & Education",K1128
7905,"Entry to Independance",X009,
7906,"Steps to Independance 1 & 2 and Pathways",X010,
7907,"Steps to Independance 3",X419,
7916,"E1053 - Business Finance Functional Skills",E1053,
7914,"E1012 - AAT Functional Skills",E1012,
7915,"E1010 - Business Finance Functional Skills",E1010,
7908,"E1603 - Business Apprentice Functional Skills",E1603,
7909," E1013 - AAT L3 Functional Skills",E1013,
7917,"E1011 - BTEC Business Functional Skills...",E1011,
7919,"GCSE Spanish",N340,
7920,"AS Spanish",N524,
7922,"Student Services &gt; Home 2",Portal,Portal
7924,Headways,X300,
7929,"Extended Diploma Horse Management Y1 - Shuttleworth","Level 3 HM","B388 (11)"
7931,"National Diploma Horse Management Y2 - Shuttleworth","NDHMFTS Y2",
14213,"Blank Moodle Course For Training","Blank Moodle Course For Training",
14218,"Functional Skills Cross College","Functional Skills Cross College",
20036,"Practice Area two","Practice Area two",
7935," L3 B323 -12 Extended Diploma in Agriculture Yr 2","L3 Ext Dip Ag","B323 - 12"
7936,"National Award Agriculture Yr 1",NAAG1,
7940,"National Award in Fish Management Yr 1",NAFM1,
7941,"First Certificate in Agriculature Yr 1",FCAG1,
7942,"Extended Diploma in Fish Management Yr1",NDFM1,
7943,"First Diploma in Agriculture Yr2",FDAG2,
7944,"L2 Diploma Introduction To Agriculture ","L2 Diploma Introduction To Agriculture ",
7945,"C&G Certificate in Practical Gardening",C&GPracGard,
7946,"National Certificate in Sport (Outdoor Adventure)",NCSport,
7947,"RHS Advanced Certificate",RHSAdv,
7953,Skyline,Skyline,Skyline
15074,"EILP Training Course 1","EILP Training Course 1",
7964,"AS Communication and Culture ",ASComCult,
7966,"Animal Centre News",AnCentNew,
7970,"Student Services &gt; Careers Zone:Shuttleworth","Student Services &gt; Careers Zone;Shuttleworth",
7969,"NVQ3 /C&G 2356-31. Dept : Electrical installation",NVQ3,
7971,"Student Services &gt; Finance;Shuttleworth","Student Services &gt; Finance;Shuttleworth",
7977,Residential,ShuttRes,
7972,"Student Services &gt; Additional Support; Shuttleworth","Student Services &gt; Additional Support; Shuttleworth",
7973,"Student Services &gt; Student Zone; Shuttleworth","Student Services &gt; Student Zone; Shuttleworth",
11236,"RSPB COUNTRYSIDE",RSPBCountry,RSPBCountry
7974,"Enrichment; Shuttleworth","Enrichment; Shuttleworth",
7978,"AS Physical Education",H1131,
7981,New2College,New2,
7987,"ESOL Entry Level 3- TO  BE DELETED","ESOLEn3- TO  BE DELETED",
7986,"GCSE Mathematics - CL",GCSEMatCL,
10835,E-Safety,E-Safety,
7991,"Hospitality Management",HospMan,
7992,"HNC AND HND T and T Management","HNC AND HND T and T Management",
7997,"A2 Communication and Culture",N488,
10700,"RHS - Certificate in Plant Growth, Propogation and Development (L2 - Day)","B789 - Day",
7993,"Learning Technologies",LearnTech,
7994,"Foundation Degree Sustainable Construction Yr 3",FdScYr3,
10692,"City & Guilds - Creative Techniques - Garden Design L2",C&GGnDes,
7998,"AS Film Studies",L1013,
7999,"A Level - General Resources",ALevGenRes,ALevGenRes
10764,"Extended Diploma in Countryside Management L3 (Yr 2)",ExDipL3,B367
14277,"Hospitality and Catering Resources",HopsCatRes,
14278,"Example Course",ExampleCourse,
8000,"Access English Core",AEC01,
10735,"University Diploma in Teaching Literacy",A613,
10711,"Bedford College Advanced Practitioners Moodle",APMoodle,
8006,"AS Citizenship",ASCitz,
8007,"A2 Citizenship",A2Citz,
8008,"Access Business",AccBus,
8009,"Access Research Project",AccResProj,
10477,"Schools Liaison",SchLi,
10476,"Student Services &gt; E-Careers Library",E-Careers,
10478,"Microsoft Office Training",Office,
10482,"(ESF) NPTC CERT PRACTICAL HORT SKILLS L1",B873,
10491,"South Bank Centre Apple Macs",SBApple,
10484,"Functional Skills Level 1 and Level 2 - Shuttleworth",FuncL1&2,
10492,"BTEC National Diploma Performing Arts (Acting) Year1 (OLD)","BTEC National Diploma Performing Arts (Acting) Year1 (OLD)",
10481,"[H646] - Level 1 Diploma in Sport","Level 1 Diploma in Sport",H646
10483,"BTEC H DIP ENV STUDIES L2",DIPENV,
10708,"Business First Diploma",BusFD,
10800,"[B446] - Level 3 Diploma in Sport (Outdoor Adventure) - Year 2","Level 3 Diploma in Sport (Outdoor Adventure) - Year 2",B446
10803,"UAE Aeronautics",D480,
14069,"BTEC L2 Applied Science","BTEC L2 Applied Science",BTECL2AppSci
14070,"BTEC L3 Extended Diploma Applied Science (Forensic Science)","BTEC L3 Applied Science",BTECL3AppSci
14086,"Extended Diploma in fish Management Yr 2.","Ext Dip Fix Man 2","Ext Dip Fix Man 2"
19204,"Kate's Test Course",KD101,
10855,"GCSE Media Studies",GCSEMedia,
10841,"Level 3 Diploma in Uniformed Public Services Year 1","Level 3 Diploma in Uniformed Public Services Year 1","K646 - 13"
10862,"CYQ: Level 3 Personal Trainer","CYQ: Level 3 Personal Trainer","CYQ L3 PrsTrn"
10861,"CYQ: Level 2 Gym Instruction","CYQ: Level 2 Gym Instruction","CYQL2 - Gym Ins"
10870,"ESOL Entry Level 1- TO  BE DELETED","ESOLL1- TO  BE DELETED",
10871,"ESOL Entry Level 2- TO  BE DELETED","ESOLL2- TO  BE DELETED",
10880,"[B800 ]First Diploma Animal Care - Year 1","First Diploma Animal Care - Year 1",
10883,"Diploma in Construction",C1244,C1244
10908,"C&G 2330 Electrical installation L2 Yr1",C303,
10909,"[B393] - Level 2 Diploma Horticulture","Level 2 Diploma Horticulture",B393
11025,"Intermediate Business","E1603: Int Business",
11045,"Ascentis Vehicle Technology Centre","Ascentis VTC",
11077,"GCSE Human Health and Physiology",A521,
11089,"Foundation Art & Design - Graphics",FoundGrap,
11090,"Foundation Art & Design - Textiles",FoundText,
11108,"Empty Demo Course","Empty Demo Course","Empty Demo Course"
11110,"Principle and Organisations",PandO,pando
11111,"BTEC Business and the Economic Enviroment",BEEBTEC,beebtec
11113,"L1 Plumbing Functional Skills",PlumbFunc,C557
11156,"Engineering: BTEC L2 Higher Diploma",L2HDip,D1064
11191,"Accountancy L2","Accountancy L2",AccL2
11192,"Accountancy L3","Accountancy L3",AccL3
11195,"Beauty L2","Beauty L2",BeaL2
11196,"Beauty L3","Beauty L3",BeaL3
11197,"Body Repair/Paint L2","Body Repair/Paint L2",BRPL2
11198,"Body Repair/Paint L3","Body Repair/Paint L3",BRPL3
11199,"Bricklaying L2","Bricklaying L2",BrickL2
11200,"Bricklaying L3","Bricklaying L3",BrickL3
11201,"Carpentry L2","Carpentry L2",CarpL2
11202,"Carpentry L3","Carpentry L3",Carp3
11203,"Childrens' Care, Learning & Development L2","Childrens' Care, Learning & Development L2",CCLDL2
11204,"Childrens' Care, Learning & Development L3","Childrens' Care, Learning & Development L3",CCLDL3
11205,"Customer Service L2","Customer Service L2",CSL2
11206,"Customer Service L3","Customer Service L3",CSL3
18863,"[C1708] - Construction Technical & Supervision L3 ","Construction Technical & Supervision L3 ",C1708
11209,"Electrical Installation L3","Electrical Installation L3",EIL3
11210,"Hairdressing L2","Hairdressing L2",HairL2
11211,"Hairdressing L3","Hairdressing L3",HairL3
11212,"Health & Social Care L2","Health & Social Care L2",HSCL2
11213,"Health & Social Care L3","Health & Social Care L3",HSCL3
11214,"Hospitality L2","Hospitality L2",HospL2
11215,"Hospitality L3","Hospitality L3",HospL3
11216,"IT & Computing L2","IT & Computing L2",ITCL2
11217,"IT & Computing L3","IT & Computing L3",ITCL3
18862,"[H664] - Level 3 Professional Cookery","Level 3 Professional Cookery",H664
11220,"Motor Cycles L2","Motor Cycles L2",MCL2
11221,"Motor Cycles L3","Motor Cycles L3",MCL3
11222,"Motor Vehicle (Mechanical) L2","Motor Vehicle (Mechanical) L2",MVML2
11223,"Motor Vehicle (Mechanical) L3","Motor Vehicle (Mechanical) L3",MVML3
11224,"Painting & Decorating L2","Painting & Decorating L2",PDL2
11225,"Painting & Decorating L3","Painting & Decorating L3",PDL3
11226,"Plumbing L2","Plumbing L2",PlumL2
11227,"Plumbing L3 (Part time) 6189","Plumbing L3 (Part time) 6189",PlumL3
11228,"Horticulture L2 - TO BE DELETED","Horticulture L2 - TO BE DELETED",HortL2
11229,"Horticulture L3","Horticulture L3",HortL3
11232,"Business Administration L2","Business Administration L2",BAL2
11233,"Business Administration L3","Business Administration L3",BAL3
11250,"IT ProCom Moderation",ProComMod,ProComMod
14089,"Electrical Installation Level 1",EIL1,EIL1
14135,"CIPD Foundation Certificate in Human Resources Practice [E2028]","CIPD Foundation Certificate in Human Resources Practice",E2028
14153,"English for Teachers [E2066]","English for Teachers",E2066
11403,"Marshall Papworth Vocational Diploma","Marshal Papworth",B882
14085,"VRQ Beauty Therapy for Level 2","VRQ Beauty Therapy for Level 2",
11405,"Functional Skills for Construction (2012-13)","Functional Skills for Construction (2012-13)",DB2012Functional
11404,"Functional Skills Resources","Functional Skills Material",
14105,"Outdoor Adventure Diploma Year 2",B446(11),
14125,"B800 - Apprentices","B800 - Apprentices",B800
11415,"Course Books",CourseBooks,CourseBooks
11418,"GCSE Human Physiology & Health","GCSE Human Physiology & Health",GCSEHPH
15128,"BTEC HNC/HND in Computing and Systems Development","BTEC HNC/HND in Computing and Systems Development",
14155," L5 Diploma in Leadership in Health and Social Care and Children and Young People Services","Level 5 Diploma in Leadership in Health and Social Care and Children and Young People Services",
11416,"Arts and Design Forum Area",A&DForum,A&DForum
11417,"Study Skills",SSkills,SSkills
11419,"Mechanical Engineering Apprenticeships",MEA,MEA
11420,"Aeronautical Engineering Apprenticeships",AEAP,AEAP
11421,"Electrical & Electronic Engineering Apprenticeships",EEEAP,EEEAP
11424,"Functional Skills ICT",FSICT,FSICT
14033,"Conn's Course",CONNW,
14091,"Electrical Installation Level 3",EIL3,EIL3
14092,"Electrical Installation NVQ Level 3",EINVQL3,EINVQL3
14157,"Conn's Other Course",CONN102,
14124,"D1164(FTE3) Motor Vehicle","D1164(FTE3) Motor Vehicle",D1164
14581,"Access Independent Research Project","Access IRP",
14588,"Course Fullname 101",CF101,
14582,"GCSE Graphic Products","GCSE Graphic Products",
14583,"VLE Training Course","VLE Training Course",
14618,"Equine Centre News",EquCentNews,
14638,"Business Staff Area",BusStfArea,
14653,Copyright,Copyright,Copyright
14731,"Rushden Learning Centre",RushdenLC,
14732,"Luton Learning Centre",LutonLC,
14733,"Bedford Learning Centre",BedfordLC,
15089,"e-safety and safeguarding  ","E-safety and E-learning",
14798,"Nadines Test Course",NNTest,
18297,"L3 Music Technology Y1","L518: L3 Music Technology",
18764,"[B332] - Level 1 Diploma in Animal Care","Level 1 Diploma in Animal Care",B332
15090,"Learning Resourse Centre Information","LRC Info",
14806,"Ascentis Internet Safety","Ascentis Internet Safety","Ascentis Internet Safety"
15087,"College News","College News",
18227,"[B355] - Countryside & Environment Level 2","Countryside & Environment Level 2",B355
14856,"Temporrary Blank Course","Temporrary Blank Course","Temporrary Blank Course"
15091,"Level 3 Business Cambridge Technicals",L3BusCambTech,
18281,"[B1041] Level 1 Diploma in Land and Enviroment","Level 1 Diploma in Land and Enviroment",
18273,"Introduction to TEFL",IntroTEFL,
18274,"Research and Study Skills",ResStudSkil,
18469,"Ascentis Healthy Living Level 2","Ascentis Healthy Living Level 2",
18473,"[D589] - VTC Level 1","VTC Level 1",
18475,"Engineering Information","Engineering Information",
18478,"[F783] - Cisco CCNA","Cisco CCNA",F783
18508,"BTEC Diploma in Health and Social Care Year 1 ","BTEC Diploma in Health and Social Care Year 1 ",
18499,"[D1462] - GCSE Maths","GCSE Maths",D1462
18735,"[K1253] - Level 2 Certificate Supporting Teaching and Learning in Schools","Level 2 Certificate Supporting Teaching and Learning in Schools",K1253
18507,"[K1124] - BTEC Level 1 in Health and Social Care/Childcare","BTEC Level 1 in Health and Social Care/Childcare",K1124
18696,"Introduction To Linux","Introduction To Linux",
18509,"E1013 - AAT Functional Skills","E1013 - AAT Functional Skills",
18510,"E020 - Business Admin Functional Skills ","E020 - Business Admin Functional Skills ",
18511,"Apprentices Functional Skills","Apprentices Functional SkillsCF101",
18514,"[J624] - Hairdressing Diploma (Evening) for Level 2 ","Hairdressing Diploma (Evening) for Level 2 ",J624
18515,"[J444] - Hairdressing Diploma for Level 2 ","Hairdressing Diploma for Level 2",J444
18697,"Plants @ Bedford College","Plants @ Bedford College",
18698,"[E2097] ICT for Teachers","ICT for Teachers",E2097
18701,"[L1410] - HNC/HND Photography","HNC/HND Photography",L1410
18702,"new lrc","new lrc",
18745,"Cake Decoration","Cake Decoration",
18752,Sustainability,Sustainability,Sustainability
18753,"Cert Ed PGCE","Cert Ed PGCE",
18754,"[K1388] Level 3 Certificate in Supporting Teaching and Learning in Schools (College Based)","Level 3 Certificate in Supporting Teaching and Learning in Schools (College Based)",
19089,"BTEC L3 Ext Dip Health & Social Care - 2013","BTEC L3 Ext Dip Health & Social Care - 2013",
19178,"English Functional Skills - H&B","English Functional Skills - H&B",
18814,"test course for stuff","test course for stuff",
18815,"Extended Diploma in Countryside Management L3 (Yr 1)","Extended Diploma in Countryside Management L3 (Yr 1)",
18832,"Marks Testing Ground 2","Marks Testing Ground 2","Marks Testing Ground 2"
18847,"[C449] - Bricklaying",Bricklaying,C449
18848,"[C452] - Level 2 Bricklaying","Level 2 Bricklaying",C452
19040,"Claire Cartwright Course","Claire Cartwright Course",
19090,"[E1012] - L2 IFS","L2 IFS",E1012
19066,"Health and Safety","Health and Safety",
19065,ClickView,ClickView,
18877,"Functional Skills (Adele Philpott) ","Functional Skills (Adele Philpott) ",
18880,"[B323 - 13] L3 Extended Diploma Agriculture","L3 Extended Diploma Agriculture (13)","B323 - 13"
19142,"Lawrence Test Ground","Lawrence Test Ground",
19143,"[2207] - Marketing Aprrenticeships","Marketing Aprrenticeships",2207
19176,"Maths Functional Skills - H&B","Maths Functional Skills - H&B",
19177,"ICT Functional Skills - H&B","ICT Functional Skills - H&B",
19189,"L2 Diploma in Maintenance Operations [C1695]","L2 Diploma in Maintenance Operations",C1695
19205,"Milton Keynes Learning Centre",MiltonKeynesLC,
19206,"Example Hair & Beauty Grade Tracking","Example Hair & Beauty Grade Tracking",
19209,"Hairdressing L3 Full Time","Hairdressing L3 Full Time",
