id,courseid,trackingqualificationid,userid,award,type,warning,dateupdated,overallgrade
1,,57,21726,MM/MP,Final,,
2,,57,21347,MP,Final,,
3,,96,21029,MMP,Predicted,,
4,,143,23333,DDM,Final,,
5,,57,22164,MP,Final,,
6,,57,22988,MP,Final,,
7,,57,13733,MM/MP,Final,,
8,,57,23325,MM/MP,Final,,
9,,57,23364,MP,Final,,
10,,143,25632,MMP,Predicted,,
11,,143,24859,PPP,Predicted,,
12,,57,23115,MM/MP,Final,,
13,,57,21879,MM/MP,Final,,
14,,57,14881,PP,Final,,
15,,57,22157,PP,Final,,
16,,57,24662,PP,Predicted,,
17,,57,22013,PP,Final,,
18,,143,27796,PPP,Predicted,,
19,,57,23117,PP,Final,,
20,,143,17591,MPP,Final,,
21,,143,14698,MPP,Final,,
22,,143,16418,MMM,Final,,
23,,96,21039,D*D*D*,Predicted,,
24,,96,24798,D*D*D*,Predicted,,
25,,96,21012,D*D*D*,Predicted,,
26,,96,21062,MMP,Predicted,,
27,,96,21022,D*D*D*,Predicted,,
28,,96,21042,MMP,Predicted,,
29,,96,21038,DDD,Predicted,,
30,,96,21141,DDD*,Predicted,,
31,,96,21035,D*D*D*,Predicted,,
32,,96,21146,D*D*D*,Predicted,,
33,,96,21015,MMP,Predicted,,
34,,96,21013,DMM,Predicted,,
35,,96,21132,DD*D*,Predicted,,
36,,96,21000,MMM,Predicted,,
37,,96,18661,DDM,Predicted,,
39,,143,23057,DD*D*,Final,,
40,,143,22202,DDD,Predicted,,
41,,143,24516,D*D*D*,Final,,
43,,143,14841,MMP,Final,,
44,,143,21768,D*D*D*,Final,,
45,,143,14819,MPP,Predicted,,
47,,57,14976,PP,Predicted,,
48,,57,25079,MM/MP,Final,,
49,,57,21749,MP,Predicted,,
50,,57,22053,PP,Predicted,,
51,,57,24588,PP,Predicted,,
52,,57,24216,PP,Final,,
53,,143,23324,MMP,Final,,
54,,143,14971,DMM,Final,,
55,,57,23202,MP,Final,,
56,,96,21047,MMP,Predicted,,
57,,96,20893,D*D*D*,Predicted,,
58,,96,21014,D*D*D*,Predicted,,
59,,96,21053,D*D*D*,Predicted,,
60,,96,21139,PPP,Predicted,,
61,,96,21049,MMM,Predicted,,
63,,96,19632,D*D*D*,Predicted,,
64,,96,21086,D*D*D*,Predicted,,
65,,96,21080,MPP,Predicted,,
66,,96,21078,D*D*D*,Predicted,,
67,,96,18607,MMP,Predicted,,
68,,96,20914,MMP,Predicted,,
69,,96,21095,MMP,Predicted,,
70,,96,20996,MMM,Predicted,,
71,,96,21140,MMP,Predicted,,
72,,96,20899,D*D*D*,Predicted,,
73,,96,21043,D*D*D*,Predicted,,
74,,96,21027,D*D*D*,Predicted,,
75,,43,18244,D*D*D*,Predicted,,
76,,96,21020,MMP,Predicted,,
77,,43,19352,D*D*D*,Predicted,,
78,,96,23252,DD*D*,Predicted,,
79,,96,21017,D*D*D*,Predicted,,
80,,96,21130,D*D*D*,Predicted,,
81,,96,12439,D*D*D*,Predicted,,
82,,96,25399,D*D*D*,Predicted,,
83,,96,21032,DDD*,Predicted,,
84,,43,23271,D*D*D*,Predicted,,
85,,96,21024,D*D*D*,Predicted,,
86,,98,26871,P,Predicted,,
87,,98,34556,D*,Final,,
88,,98,36870,D*,Final,,
89,,98,34638,D,Final,,
90,,98,29392,D*,Final,,
91,,98,24557,M,Final,,
92,,98,34566,M,Predicted,,
93,,96,21096,DMM,Predicted,,
94,,96,21002,DD*D*,Predicted,,
96,,57,24586,MP,Final,,
97,,57,23124,PP,Predicted,,
98,,57,22285,PP,Final,,
99,,143,24787,MPP,Final,,
100,,143,24585,MMP,Final,,
101,,57,21861,MM/MP,Final,,
102,,57,24123,PP,Final,,
103,,57,21873,D*D*,Predicted,,
104,,57,32987,PP,Final,,
105,,43,23162,D*D*D*,Predicted,,
109,,162,14894,DDD*,Final,,
110,,162,21157,MPP,Final,,
112,,162,24382,MMP,Final,,
113,,162,24384,D*D*D*,Final,,
116,,96,21100,DDD*,Predicted,,
117,,96,21097,D*D*D*,Predicted,,
118,,162,24420,DDD,Final,,
119,,162,24383,MMM,Final,,
120,,162,14970,MMP,Final,,
121,,43,18238,D*D*D*,Predicted,,
122,,43,19648,D*D*D*,Predicted,,
123,,43,23180,D*D*D*,Predicted,,
124,,43,18503,D*D*D*,Predicted,,
125,,43,23165,D*D*D*,Predicted,,
126,,43,19636,D*D*D*,Predicted,,
127,,43,23309,D*D*D*,Predicted,,
128,,43,24799,D*D*D*,Predicted,,
129,,43,23153,MMM,Predicted,,
131,,43,23310,D*D*D*,Predicted,,
132,,43,24831,DDM,Predicted,,
133,,96,24812,D*D*D*,Predicted,,
134,,96,21055,D*D*D*,Predicted,,
135,,96,21131,D*D*D*,Predicted,,
136,,96,21067,D*D*D*,Predicted,,
137,,96,21355,DD*D*,Predicted,,
138,,96,21018,D*D*D*,Predicted,,
139,,96,20975,DDD*,Predicted,,
140,,96,24795,D*D*D*,Predicted,,
141,,96,21033,DDD*,Predicted,,
142,,96,27788,D*D*D*,Predicted,,
143,,96,21061,D*D*D*,Predicted,,
145,,96,24848,D*D*D*,Predicted,,
146,,96,21026,D*D*D*,Predicted,,
147,,96,21003,D*D*D*,Predicted,,
148,,96,21109,D*D*D*,Predicted,,
149,,96,23132,DD*D*,Predicted,,
150,,12,23866,DD*D*,Predicted,,
151,,12,36806,MMP,Predicted,,
152,,103,21371,D*D*D*,Final,,
153,,103,21385,DMM,Final,,
154,,103,21325,D*D*D*,Final,,
155,,103,21339,MMM,Final,,
157,,103,21204,DD*D*,Final,,
158,,103,21407,MMP,Final,,
159,,409,27047,MP,Final,,
161,,92,23788,DDD,Final,,
162,,92,14967,DD*D*,Final,,
163,,92,23817,PPP,Predicted,,
164,,92,25345,MMM,Final,,
165,,92,23821,DDD*,Final,,
166,,92,24279,MMM,Final,,
167,,92,13769,MMP,Final,,
168,,96,20956,DMM,Predicted,,
169,,96,21046,DDD*,Predicted,,
170,,96,21101,D*D*D*,Predicted,,
172,,96,21025,MMP,Predicted,,
174,,130,23505,PP,Final,,
175,,12,36759,MMP,Predicted,,
176,,130,18075,DM/DD,Final,,
177,,130,18696,PP,Final,,
178,,130,19618,DM,Final,,
179,,130,18686,PP,Final,,
180,,131,24751,DDM,Final,,
181,,131,23490,DMM,Final,,
182,,131,23582,DDD*,Final,,
183,,131,24801,MMM,Final,,
185,,131,23554,D*D*D*,Final,,
186,,131,24811,MPP,Predicted,,
188,,131,23561,DDD*,Final,,
189,,131,23527,DMM,Final,,
191,,12,26046,PPP,Predicted,,
192,,12,36063,MPP,Predicted,,
193,,12,36805,PPP,Predicted,,
194,,12,25023,PPP,Predicted,,
195,,12,21370,MPP,Predicted,,
196,,12,36807,PPP,Predicted,,
197,,12,36808,PPP,Predicted,,
198,,12,23877,MMP,Final,,
199,,12,23820,PPP,Final,,
200,,12,24421,PPP,Final,,
201,,12,24204,PPP,Final,,
202,,12,23745,MPP,Final,,
203,,12,23889,PPP,Final,,
204,,12,15056,MPP,Predicted,,
205,,166,36337,DDM,Final,,
688,,166,14871,MMM,Final,,
207,,130,18076,PP,Final,,
208,,130,18080,MP,Final,,
209,,130,23580,MP,Final,,
210,,130,23294,MP,Final,,
211,,130,12778,MP,Final,,
212,,130,19627,PP,Final,,
213,,130,23585,MM/MP,Final,,
214,,130,23588,PP,Final,,
215,,131,24757,D*D*D*,Final,,
216,,131,12184,MMP,Predicted,,
217,,131,23488,DDM,Final,,
218,,131,24815,DMM,Predicted,,
219,,131,24832,DMM,Final,,
221,,130,23618,PP,Final,,
223,,166,36333,D*D*D*,Final,,
224,,166,36330,MMP,Final,,
225,,131,24894,DDD,Final,,
226,,131,23544,DDD*,Final,,
227,,131,23601,DDD*,Final,,
228,,162,24386,DDM,Final,,
229,,162,24366,PPP,Final,,
230,,162,24425,MPP,Final,,
231,,162,23707,PPP,Final,,
233,,162,14834,DDD,Final,,
236,,162,14832,DD*D*,Final,,
237,,162,24264,MMP,Final,,
239,,403,36000,D*D*D*,Final,,
241,,403,36096,DD*D*,Final,,
242,,51,24788,D*D*,Predicted,,
243,,51,23476,D*D*,Predicted,,
244,,51,24926,D*D*,Predicted,,
245,,51,23598,D*D*,Predicted,,
246,,51,24780,D*D*,Predicted,,
247,,51,24754,D*D*,Predicted,,
248,,51,15146,D*D*,Predicted,,
249,,51,23468,D*D*,Predicted,,
250,,51,24910,D*D*,Predicted,,
251,,51,23555,D*D*,Predicted,,
252,,51,24766,D*D*,Predicted,,
253,,51,23570,D*D*,Predicted,,
254,,51,23395,D*D*,Predicted,,
255,,51,24877,D*D*,Predicted,,
256,,51,24898,D*D*,Predicted,,
257,,51,23469,D*D*,Predicted,,
258,,21,23136,PPP,Predicted,,
260,,21,24845,DDD,Final,,
261,,21,23130,PPP,Predicted,,
262,,21,23160,D*D*D*,Final,,
264,,21,23181,PPP,Final,,
265,,21,23223,DD*D*,Final,,
266,,21,23219,DDM,Final,,
269,,21,23129,MMP,Predicted,,
270,,21,23142,PPP,Predicted,,
271,,21,17804,PPP,Final,,
274,,21,19356,MMP,Predicted,,
275,,21,23128,MMP,Predicted,,
276,,21,23286,MMP,Predicted,,
278,,112,23728,DDD,Final,,
279,,112,23715,PPP,Predicted,,
280,,112,23778,D*D*D*,Final,,
281,,112,23898,PPP,Final,,
282,,112,23881,DDM,Final,,
283,,112,24548,DD*D*,Final,,
284,,112,23744,PPP,Final,,
285,,112,23856,DMM,Final,,
286,,112,16716,MMP,Final,,
287,,112,24100,DDD*,Final,,
288,,112,23884,D*D*D*,Final,,
289,,112,23841,PPP,Final,,
290,,112,23814,MMM,Final,,
293,,60,19283,D*D,Final,,
294,,60,21023,D*D*,Final,,
295,,60,18065,PP,Final,,
296,,166,32989,DMM,Final,,
297,,60,21019,D*D,Final,,
298,,60,18003,PP,Final,,
299,,60,19289,MP,Final,,
300,,60,19608,PP,Final,,
301,,60,18659,MM/MP,Final,,
302,,60,18847,PP,Final,,
303,,60,21006,PP,Predicted,,
304,,60,18067,PP,Predicted,,
305,,60,18069,MM/MP,Final,,
306,,166,23851,DDD*,Final,,
307,,60,21064,MM,Predicted,,
308,,60,21085,D*D,Final,,
309,,60,19656,DM,Final,,
310,,60,21005,PP,Predicted,,
311,,60,18602,PP,Final,,
312,,60,18612,MM/MP,Final,,
313,,60,19026,PP,Predicted,,
314,,60,21016,PP,Predicted,,
315,,60,18062,PP,Predicted,,
316,,60,19586,PP,Final,,
317,,60,19658,PP,Predicted,,
318,,156,23158,D*D*D*,Predicted,,
321,,156,23200,D*D*D*,Predicted,,
322,,156,23163,D*D*D*,Predicted,,
323,,166,35196,MMP,Final,,
325,,166,36339,DDM,Final,,
326,,156,16323,DDD,Predicted,,
327,,156,24578,DDD*,Predicted,,
328,,156,23227,D*D*D*,Predicted,,
330,,156,23235,DMM,Predicted,,
331,,156,23071,DDD*,Predicted,,
332,,156,15957,DDM,Predicted,,
335,,156,23080,DDM,Predicted,,
336,,156,16372,DD*D*,Predicted,,
337,,156,18025,D*D*D*,Predicted,,
338,,156,23272,D*D*D*,Predicted,,
339,,156,23236,D*D*D*,Predicted,,
340,,156,24593,D*D*D*,Predicted,,
342,,156,23068,D*D*D*,Predicted,,
343,,156,23273,D*D*D*,Predicted,,
344,,156,23173,D*D*D*,Predicted,,
345,,156,23297,D*D*D*,Predicted,,
346,,156,23149,D*D*D*,Predicted,,
347,,156,11993,D*D*D*,Predicted,,
350,,156,23198,D*D*D*,Predicted,,
351,,156,23177,D*D*D*,Predicted,,
353,,156,23231,D*D*D*,Predicted,,
354,,156,23204,D*D*D*,Predicted,,
356,,156,24591,D*D*D*,Predicted,,
357,,156,23185,D*D*D*,Predicted,,
358,,156,26421,D*D*D*,Predicted,,
359,,156,23274,D*D*D*,Predicted,,
360,,156,23194,D*D*D*,Predicted,,
361,,156,24604,D*D*D*,Predicted,,
362,,156,23282,D*D*D*,Predicted,,
363,,156,24912,DDD,Predicted,,
365,,156,23240,D*D*D*,Predicted,,
366,,156,15939,DDD,Predicted,,
367,,156,16094,D*D*D*,Predicted,,
368,,156,23191,D*D*D*,Predicted,,
369,,156,25162,D*D*D*,Predicted,,
370,,166,16811,MMM,Final,,
371,,166,25824,DMM,Final,,
373,,166,23813,DDD*,Final,,
638,,89,33391,M,Predicted,,
375,,98,21007,M,Predicted,,
376,,98,34631,P,Final,,
377,,98,21054,M,Final,,
378,,76,34925,M,Final,,
379,,51,24781,D*D*,Predicted,,
639,,89,35102,M,Predicted,,
626,,96,33053,D*D*D*,Final,,
636,,89,35883,D*,Predicted,,
625,,96,27750,D*D*D*,Final,,
736,,19,36485,DD*D*,Final,,
637,,89,35958,D,Predicted,,
386,,76,24652,P,Final,,
387,,76,34271,D,Final,,
388,,76,26055,M,Final,,
389,,76,34320,M,Final,,
390,,76,34256,M,Final,,
391,,76,24025,P,Final,,
392,,76,21399,M,Final,,
393,,76,34639,P,Final,,
394,,76,36441,M,Final,,
395,,76,36435,M,Final,,
703,,431,32772,P,Predicted,,
612,,166,36336,DDM,Final,,
624,,96,35987,PPP,Predicted,,
399,,130,33104,D*D,Final,,
401,,130,24695,DM,Final,,
402,,403,36101,DDM,Final,,
403,,92,34273,D*D*D*,Final,,
404,,92,24350,D*D*D*,Final,,
405,,92,34357,DDM,Predicted,,
406,,92,34312,DDD*,Final,,
407,,403,33133,MMP,Final,,
408,,403,32941,DDD,Final,,
409,,130,33984,MP,Final,,
410,,130,34304,DM,Final,,
412,,40,25355,D*D*D*,Predicted,,
413,,403,37379,MMP,Predicted,,
414,,130,34682,MM,Final,,
415,,130,24839,DM,Final,,
417,,40,24911,D*D*D*,Predicted,,
418,,130,23504,MP,Final,,
419,,130,33161,PP,Predicted,,
420,,40,23210,MPP,Predicted,,
422,,40,23159,MPP,Predicted,,
423,,40,23302,DDD,Predicted,,
424,,40,23253,DDD*,Predicted,,
425,,40,25211,MPP,Predicted,,
426,,40,23329,MPP,Predicted,,
427,,40,23250,D*D*D*,Predicted,,
430,,40,27786,D*D*D*,Predicted,,
432,,92,23795,D*D*D*,Final,,
434,,76,24664,P,Final,,
435,,92,28031,MPP,Predicted,,
436,,403,36098,DDD*,Final,,
437,,92,22098,DDM,Final,,
438,,92,35393,DMM,Final,,
439,,92,34353,DDM,Predicted,,
440,,92,34335,D*D*D*,Final,,
441,,92,14034,DMM,Final,,
443,,116,24840,MMM,Predicted,,
444,,116,25008,D*D*D*,Predicted,,
445,,116,24996,MMM,Predicted,,
446,,116,16739,MMM,Predicted,,
447,,116,25026,MMM,Predicted,,
448,,116,25035,MMM,Predicted,,
449,,116,24730,MMM,Predicted,,
450,,116,25065,PPP,Predicted,,
451,,130,37379,MP,Final,,
452,,12,35951,PPP,Predicted,,
453,,12,24333,PPP,Predicted,,
454,,12,25056,PPP,Predicted,,
455,,12,19322,PPP,Predicted,,
456,,112,36433,MPP,Final,,
457,,21,27398,MPP,Final,,
458,,12,16840,MMM,Final,,
459,,21,23209,DDD,Predicted,,
460,,21,23131,PPP,Final,,
461,,21,23331,DDD,Final,,
462,,21,23215,D*D*D*,Final,,
463,,21,27795,MMP,Final,,
464,,21,23319,PPP,Final,,
465,,96,21156,MPP,Predicted,,
466,,131,23405,DD*D*,Final,,
467,,96,21004,D*D*D*,Predicted,,
468,,96,19638,DDM,Predicted,,
469,,40,23151,DMM,Predicted,,
470,,40,23332,DDD*,Predicted,,
471,,130,23519,DM,Final,,
472,,96,21030,DDD,Predicted,,
473,,156,23229,D*D*D*,Predicted,,
474,,12,24826,PPP,Predicted,,
475,,156,23169,D*D*D*,Predicted,,
476,,98,34548,D,Final,,
477,,96,21083,D*D*D*,Predicted,,
478,,403,36102,DD*D*,Final,,
479,,96,21068,DDD*,Predicted,,
480,,166,23800,DMM,Final,,
481,,40,24725,MMP,Predicted,,
482,,112,25248,MMM,Final,,
483,,403,36113,D*D*D*,Final,,
484,,403,36115,MMP,Predicted,,
485,,403,34376,MPP,Predicted,,
486,,156,23306,D*D*D*,Predicted,,
487,,159,35027,DDD,Final,,
488,,40,23175,DDM,Predicted,,
489,,143,14828,DDD,Final,,
490,,143,21977,DDM,Final,,
491,,43,23182,DDD,Predicted,,
492,,131,23482,DMM,Final,,
493,,131,26208,DDM,Final,,
494,,162,35465,PPP,Predicted,,
495,,162,35279,DDM,Final,,
496,,162,35265,DDD,Final,,
497,,162,35297,D*D*D*,Final,,
498,,162,35310,DDD,Final,,
499,,162,35256,MMM,Final,,
500,,162,23242,D*D*D*,Final,,
501,,162,35524,D*D*D*,Final,,
502,,162,35516,D*D*D*,Final,,
503,,162,35509,DDD,Final,,
504,,162,35511,D*D*D*,Final,,
505,,162,15881,DDD,Final,,
506,,162,24325,MMM,Final,,
507,,162,24335,DDM,Final,,
508,,162,24332,MMP,Final,,
509,,162,24391,MPP,Final,,
510,,162,24313,DDD,Final,,
511,,162,24372,MMP,Final,,
512,,162,24979,DMM,Final,,
513,,403,36112,MMP,Final,,
514,,426,23425,MPP,Final,,
515,,426,25416,MMP,Final,,
516,,426,17203,PPP,Final,,
517,,426,17055,MPP,Final,,
518,,426,23534,MPP,Final,,
519,,426,23457,MPP,Predicted,,
520,,426,23572,MMM,Final,,
521,,43,23154,DDD,Predicted,,
522,,426,17130,MMP,Final,,
523,,156,13942,DMM,Predicted,,
524,,156,15811,DMM,Predicted,,
525,,426,23594,PPP,Final,,
526,,426,23619,MMM,Final,,
527,,426,23472,DMM,Final,,
528,,426,26322,DDD,Final,,
529,,426,23537,DDM,Final,,
530,,426,17369,MPP,Final,,
531,,426,23511,PPP,Final,,
532,,426,23614,MPP,Final,,
533,,426,18482,MPP,Final,,
534,,426,23538,MPP,Predicted,,
535,,426,25417,MMM,Final,,
536,,426,25062,MMM,Final,,
537,,426,23543,DDD,Final,,
538,,426,23551,PPP,Final,,
539,,96,21127,DD*D*,Predicted,,
540,,96,33215,MPP,Final,,
541,,96,33330,MPP,Final,,
542,,96,33089,D*D*D*,Final,,
543,,112,36809,D*D*D*,Final,,
544,,112,35095,DDD*,Final,,
545,,112,36810,DMM,Predicted,,
546,,112,20973,MMM,Predicted,,
547,,112,36020,DMM,Final,,
548,,112,36812,MMP,Predicted,,
549,,112,36813,MMM,Final,,
550,,112,36814,MMM,Final,,
551,,112,35104,PPP,Final,,
552,,112,13351,MMM,Final,,
553,,112,35126,DDD,Final,,
554,,112,36815,MMM,Predicted,,
555,,112,36804,MMM,Final,,
556,,112,36816,DDD*,Final,,
557,,112,35324,MPP,Final,,
558,,112,35097,D*D*D*,Final,,
559,,112,36438,DDM,Final,,
560,,112,36817,MMM,Final,,
561,,152,21906,P,Final,,
562,,152,35436,D,Final,,
563,,426,23462,PPP,Predicted,,
564,,426,23453,PPP,Final,,
565,,426,24518,PPP,Final,,
566,,426,14939,PPP,Final,,
567,,426,17084,MPP,Final,,
568,,403,36100,MMP,Predicted,,
569,,106,23479,PP,Final,,
570,,106,23518,PP,Final,,
571,,106,23447,MP,Final,,
572,,106,23545,MP,Predicted,,
573,,106,23533,MP,Final,,
574,,106,23481,PP,Final,,
575,,98,16627,M,Final,,
576,,426,23567,PPP,Predicted,,
577,,426,25365,PPP,Predicted,,
578,,426,25334,PPP,Predicted,,
579,,426,23569,PPP,Predicted,,
580,,156,36603,D*D*D*,Predicted,,
581,,103,24399,DMM,Predicted,,
582,,166,21378,PPP,Final,,
583,,176,23427,MMM,Final,,
584,,176,23517,DMM,Final,,
585,,176,23613,DDD,Final,,
586,,176,23495,DDD,Final,,
587,,176,23491,MMM,Final,,
588,,176,23787,DDD,Final,,
589,,176,23523,MMM,Final,,
590,,176,23803,MMP,Final,,
591,,176,23529,MMP,Final,,
592,,176,22130,DMM,Final,,
593,,176,23477,DMM,Final,,
594,,176,23528,MPP,Final,,
595,,98,21103,P,Predicted,,
596,,98,36915,D,Final,,
597,,176,23455,MMM,Final,,
598,,156,34649,DMM,Predicted,,
599,,89,25009,M,Predicted,,
600,,89,26896,M,Predicted,,
601,,89,35882,M,Predicted,,
602,,89,25058,D,Predicted,,
603,,89,13369,D,Predicted,,
604,,89,22806,M,Predicted,,
605,,89,14723,D*,Predicted,,
606,,89,36251,D*,Predicted,,
607,,89,25059,D*,Predicted,,
608,,156,24978,D*D*D*,Predicted,,
609,,98,34659,P,Predicted,,
610,,96,33111,DMM,Final,,
611,,96,33418,PPP,Predicted,,
613,,53,36111,M,Final,,
614,,53,24906,P,Final,,
615,,53,14421,D,Final,,
616,,166,25038,D*D*D*,Final,,
617,,403,13584,MMM,Predicted,,
618,,156,15833,D*D*D*,Predicted,,
619,,156,23105,DDD,Predicted,,
620,,40,25251,MMP,Predicted,,
621,,53,23977,D,Predicted,,
622,,89,35101,M,Predicted,,
623,,89,22237,M,Predicted,,
627,,96,33134,D*D*D*,Final,,
628,,96,33106,D*D*D*,Final,,
629,,96,33166,DDD,Final,,
630,,30,23099,D*D*,Final,,
631,,166,36795,MPP,Predicted,,
632,,166,36338,DMM,Final,,
633,,166,11527,MPP,Final,,
634,,166,36331,DDD*,Final,,
635,,166,36341,MPP,Predicted,,
640,,28,23301,D*,Final,,
641,,28,33354,D*,Final,,
642,,28,33165,D*,Final,,
643,,28,33157,M,Final,,
644,,28,33232,D*,Predicted,,
645,,28,32995,M,Final,,
646,,28,34991,M,Predicted,,
647,,28,33102,D*,Final,,
648,,28,33512,D*,Final,,
649,,28,32985,D*,Final,,
650,,28,33204,D*,Final,,
651,,28,33121,D,Final,,
652,,28,33194,D*,Final,,
653,,28,33327,D*,Final,,
654,,28,33131,D*,Final,,
655,,28,23171,D*,Final,,
656,,28,34990,D*,Final,,
657,,28,34211,M,Final,,
658,,28,32972,D,Final,,
659,,28,33101,D*,Final,,
660,,28,21364,D*,Final,,
661,,28,34194,D,Final,,
662,,28,33132,D*,Final,,
663,,28,36501,D*,Final,,
664,,28,33243,D*,Final,,
665,,28,21387,M,Predicted,,
666,,28,33706,D*,Final,,
667,,28,33318,D*,Final,,
668,,28,33159,D*,Final,,
669,,28,33164,D*,Final,,
670,,28,24895,D,Final,,
671,,28,33353,M,Predicted,,
672,,28,33039,D*,Final,,
673,,28,33171,D*,Final,,
674,,28,33911,P,Predicted,,
675,,28,33098,D*,Final,,
676,,28,33457,M,Final,,
677,,28,33090,M,Predicted,,
678,,28,23179,D*,Final,,
679,,28,33100,D*,Final,,
680,,53,35967,D*,Final,,
681,,53,36105,D*,Final,,
682,,98,21125,P,Predicted,,
683,,96,33239,DDD,Final,,
684,,166,24070,MMM,Final,,
685,,166,13331,PPP,Final,,
686,,166,22946,MMP,Final,,
687,,166,16935,DMM,Final,,
689,,166,23844,MMP,Final,,
690,,166,23780,MMM,Final,,
691,,431,33698,P,Predicted,,
692,,130,23607,PP,Predicted,,
693,,130,23559,PP,Predicted,,
694,,130,23496,DM,Final,,
695,,130,23617,MM,Final,,
696,,130,37401,PP,Predicted,,
697,,130,24878,MP,Predicted,,
698,,103,23895,PPP,Predicted,,
699,,103,21221,PPP,Predicted,,
700,,103,21327,PPP,Final,,
701,,426,23502,DMM,Final,,
702,,409,38161,D*D,Final,,
704,,436,24905,D*D*,Predicted,,
705,,28,34992,D*,Final,,
706,,28,33322,M,Final,,
707,,28,23268,M,Predicted,,
708,,28,33016,P,Predicted,,
709,,28,33041,M,Final,,
710,,28,33099,D*,Final,,
711,,28,33367,M,Final,,
712,,28,23522,D*,Final,,
713,,28,33057,D*,Final,,
714,,28,33105,D*,Final,,
715,,28,23291,D*,Final,,
716,,28,33195,D*,Final,,
717,,412,25572,DM/DD,Predicted,,
718,,414,35663,D*D,Predicted,,
719,,414,33638,D*D,Predicted,,
720,,414,36344,D*D*,Predicted,,
721,,96,32888,MMM,Final,,
722,,96,34476,D*D*D*,Final,,
723,,96,32998,D*D*D*,Final,,
724,,30,21323,D*D*,Final,,
725,,431,16647,P,Predicted,,
726,,96,33092,D*D*D*,Final,,
727,,30,37255,DD,Predicted,,
728,,96,33230,D*D*D*,Final,,
729,,96,21366,MMM,Final,,
730,,96,33285,D*D*D*,Final,,
731,,96,33228,DD*D*,Predicted,,
732,,96,31795,D*D*D*,Final,,
733,,96,19011,MMP,Final,,
734,,96,33719,D*D*D*,Final,,
735,,96,21040,DDD*,Final,,
737,,96,33030,MMM,Final,,
738,,30,33416,D*D*,Predicted,,
739,,96,34215,DDD,Final,,
740,,96,33201,DDD,Predicted,,
741,,96,35988,D*D*D*,Final,,
742,,30,27768,D*D*,Final,,
743,,30,27752,D*D*,Final,,
744,,96,32124,D*D*D*,Final,,
745,,96,33147,D*D*D*,Final,,
746,,98,34604,P,Final,,
747,,134,21324,DD*D*,Predicted,,
748,,19,36488,DMM,Final,,
749,,19,27480,MMM,Final,,
750,,431,25876,P,Predicted,,
751,,134,34845,D*D*D*,Predicted,,
752,,134,34835,D*D*D*,Predicted,,
753,,134,21290,D*D*D*,Predicted,,
754,,134,34788,D*D*D*,Predicted,,
755,,134,34817,D*D*D*,Predicted,,
756,,22,34299,D*D*D*,Final,,
757,,28,35969,D,Final,,
758,,28,23113,D*,Final,,
759,,176,27522,MPP,Predicted,,
760,,19,35096,MPP,Final,,
761,,156,34584,D*D*D*,Predicted,,
762,,156,34617,D*D*D*,Predicted,,
763,,156,21071,D*D*D*,Predicted,,
764,,156,13671,D*D*D*,Predicted,,
765,,162,35464,DDD*,Final,,
766,,175,35199,M,Final,,
767,,162,35503,MMP,Final,,
768,,175,35138,M,Final,,
769,,175,35140,P,Final,,
770,,175,22185,P,Final,,
771,,175,35579,P,Final,,
772,,175,35111,P,Final,,
773,,175,35200,P,Final,,
774,,175,35405,P,Final,,
775,,175,16572,P,Final,,
776,,175,24007,P,Final,,
777,,175,21259,P,Final,,
778,,175,34915,P,Final,,
779,,175,35403,P,Final,,
780,,119,15272,DDD*,Final,,
781,,119,23312,DDD,Final,,
782,,119,24756,MMM,Final,,
783,,119,24385,D*D*D*,Final,,
784,,119,24485,DD*D*,Final,,
785,,119,24759,DD*D*,Final,,
786,,119,25007,D*D*D*,Final,,
787,,119,27905,PPP,Predicted,,
788,,119,24400,PPP,Predicted,,
789,,119,23233,MMP,Predicted,,
790,,13,24396,PP,Final,,
791,,13,23281,MM/MP,Final,,
792,,13,20993,DM/DD,Final,,
793,,13,24269,PP,Final,,
794,,13,23070,MP,Final,,
795,,13,23407,DM/DD,Final,,
796,,13,26473,PP,Predicted,,
797,,13,24291,DM,Final,,
798,,13,24392,DM,Final,,
799,,13,34598,PP,Predicted,,
800,,13,23740,DM,Final,,
801,,13,34987,PP,Predicted,,
802,,13,24915,DD,Final,,
803,,13,18374,DD,Final,,
804,,13,34867,D*D,Predicted,,
805,,13,34913,D*D,Final,,
806,,13,33668,D*D,Predicted,,
807,,13,25492,MM/MP,Predicted,,
808,,13,23123,MP,Final,,
809,,13,25184,PP,Predicted,,
810,,13,24390,PP,Predicted,,
811,,13,24724,PP,Predicted,,
812,,13,24735,PP,Predicted,,
813,,13,35512,D*D*,Final,,
814,,13,25499,DD,Predicted,,
815,,13,34465,DM,Predicted,,
816,,13,25415,PP,Predicted,,
817,,13,24510,DD,Final,,
818,,96,33155,D*D*D*,Final,,
819,,134,24688,D*D*D*,Final,,
820,,134,24956,D*D*D*,Final,,
821,,80,23126,MMP,Final,,
822,,80,23141,PPP,Final,,
823,,13,34989,PP,Predicted,,
824,,80,23170,PPP,Final,,
825,,432,35090,MMP,Predicted,,
826,,175,35478,P,Predicted,,
827,,431,14339,P,Predicted,,
828,,80,24784,PPP,Predicted,,
829,,80,23127,PPP,Final,,
830,,80,19455,PPP,Final,,
831,,80,23320,MPP,Final,,
832,,80,23167,MMM,Final,,
833,,80,23330,PPP,Final,,
834,,91,21001,MP,Predicted,,
835,,91,24167,D*D,Final,,
836,,91,23812,MP,Predicted,,
837,,91,23873,MP,Final,,
838,,96,34242,D*D*D*,Final,,
839,,96,33257,PPP,Predicted,,
840,,28,33270,D*,Final,,
841,,53,34965,M,Final,,
842,,53,23241,M,Final,,
843,,53,35931,D*,Final,,
844,,53,36962,D*,Final,,
845,,53,35966,M,Final,,
846,,119,16396,D*D*D*,Final,,
847,,170,33160,M,Predicted,,
848,,170,33153,M,Final,,
849,,170,21308,M,Predicted,,
850,,170,36129,P,Final,,
851,,170,34179,D*,Predicted,,
852,,170,35005,M,Final,,
853,,170,33146,P,Final,,
854,,170,33242,M,Final,,
855,,170,33220,M,Predicted,,
856,,170,32945,M,Final,,
857,,170,33179,M,Final,,
858,,407,35065,P,Final,,
859,,407,34767,P,Final,,
860,,407,24412,M,Predicted,,
861,,407,34813,P,Final,,
862,,407,34887,P,Final,,
863,,407,34801,D*,Final,,
864,,407,34861,M,Final,,
865,,407,14108,P,Final,,
866,,407,25078,P,Predicted,,
867,,407,37499,P,Final,,
868,,407,34895,M,Final,,
869,,98,34687,D,Predicted,,
870,,119,35342,DDM,Final,,
871,,119,34983,PPP,Final,,
872,,431,26785,P,Predicted,,
873,,28,23287,M,Final,,
874,,53,36110,M,Final,,
875,,53,36204,P,Final,,
876,,53,35968,P,Final,,
877,,119,25104,DMM,Final,,
878,,96,33125,D*D*D*,Final,,
879,,96,33263,D*D*D*,Final,,
880,,414,32965,PP,Predicted,,
881,,414,37045,D*D,Predicted,,
882,,414,33773,DM/DD,Predicted,,
883,,414,34708,D*D,Predicted,,
884,,96,33094,D*D*D*,Final,,
885,,53,21964,M,Final,,
886,,53,36963,P,Final,,
887,,96,33108,DMM,Final,,
888,,53,36625,M,Final,,
889,,53,24528,P,Final,,
890,,134,21265,PPP,Predicted,,
891,,134,22385,D*D*D*,Predicted,,
892,,134,21425,D*D*D*,Final,,
893,,134,21276,PPP,Predicted,,
894,,134,21391,DDM,Final,,
895,,134,21403,D*D*D*,Final,,
896,,134,21208,D*D*D*,Final,,
897,,134,21436,DDD*,Final,,
898,,134,21353,DDD,Final,,
899,,134,11872,D*D*D*,Final,,
900,,134,23773,D*D*D*,Predicted,,
901,,134,21342,DDM,Predicted,,
902,,134,23759,DMM,Final,,
903,,134,21426,MMM,Final,,
904,,134,24495,PPP,Predicted,,
905,,134,21359,D*D*D*,Final,,
906,,134,21275,DDM,Final,,
907,,134,21350,DDD,Final,,
908,,134,21356,D*D*D*,Final,,
909,,134,21260,D*D*D*,Predicted,,
910,,134,21257,PPP,Predicted,,
911,,134,21369,D*D*D*,Predicted,,
912,,134,21439,DDD,Predicted,,
913,,134,26695,PPP,Final,,
914,,134,20983,MMM,Final,,
915,,134,21374,PPP,Final,,
916,,134,21408,D*D*D*,Final,,
917,,134,21441,D*D*D*,Final,,
918,,134,21412,DD*D*,Final,,
919,,134,21269,DDM,Final,,
920,,134,21413,MPP,Predicted,,
921,,98,24825,P,Predicted,,
922,,134,21248,PPP,Predicted,,
923,,96,36085,DD*D*,Final,,
924,,408,26768,Merit,Final,,
925,,408,33374,Merit,Final,,
926,,408,21662,Merit,Final,,
927,,408,35417,Merit,Final,,
928,,408,32185,Merit,Final,,
929,,408,33478,Pass,Final,,
930,,408,33399,Pass,Final,,
931,,408,33116,Merit,Final,,
932,,408,32184,Merit,Final,,
933,,408,33397,Merit,Final,,
934,,408,21689,Merit,Final,,
935,,408,33012,Merit,Final,,
936,,408,33191,Merit,Final,,
938,,408,32940,Merit,Final,,
939,,408,33130,Pass,Final,,
944,,408,32922,Pass,Final,,
946,,408,32942,Merit,Final,,
947,,408,34203,Merit,Final,,
963,,408,14929,Merit,Final,,
964,,408,34222,Merit,Final,,
969,,408,26745,Merit,Final,,
970,,408,34207,Merit,Final,,
972,,408,33348,Merit,Final,,
977,,412,25734,DM/DD,Predicted,,
978,,412,21708,DM,Predicted,,
979,,412,25543,PP,Predicted,,
980,,412,25633,MM/MP,Predicted,,
981,,41,35060,M,Final,,
982,,41,33032,P,Final,,
983,,41,33283,D*,Final,,
984,,41,34187,M,Final,,
985,,41,33141,P,Predicted,,
986,,91,14853,MM,Predicted,,
987,,91,23734,MP,Final,,
988,,91,15251,MM/MP,Final,,
989,,91,23858,MM/MP,Final,,
990,,91,23845,MP,Final,,
991,,91,23705,MP,Final,,
992,,91,23826,MP,Final,,
993,,91,23771,MM/MP,Final,,
994,,91,23849,MM/MP,Final,,
995,,91,24186,MM/MP,Final,,
996,,91,23782,MM/MP,Final,,
997,,91,24122,MM/MP,Final,,
998,,91,23792,MM/MP,Final,,
999,,91,14923,MM/MP,Final,,
1000,,91,13634,DM,Final,,
1001,,91,23751,DM,Final,,
1002,,91,23702,MM/MP,Final,,
1003,,91,23861,MM/MP,Final,,
1004,,91,27771,MM,Final,,
1005,,91,34275,MM,Final,,
1006,,91,34342,MP,Predicted,,
1007,,91,35502,DM,Final,,
1008,,91,34356,DM,Final,,
1009,,91,22187,MM,Predicted,,
1010,,91,34303,DM,Final,,
1011,,91,34347,D*D,Final,,
1012,,91,23807,MM,Final,,
1013,,91,34302,MM,Final,,
1014,,43,33407,D*D*D*,Final,,
1015,,431,36021,P,Predicted,,
1016,,431,33775,P,Predicted,,
1017,,431,33772,P,Predicted,,
1018,,96,33289,D*D*D*,Predicted,,
1019,,96,15598,D*D*D*,Final,,
1020,,96,33042,DD*D*,Final,,
1021,,96,18878,D*D*D*,Predicted,,
1022,,96,21247,MPP,Predicted,,
1023,,96,33241,DDM,Final,,
1024,,96,33062,DMM,Final,,
1025,,96,18868,MMM,Predicted,,
1026,,440,25441,D*D*,Final,,
1027,,440,25430,MM/MP,Final,,
1028,,440,25299,D*D,Final,,
1029,,440,25452,D*D*,Final,,
1030,,440,25301,D*D,Final,,
1031,,440,22459,D*D*,Final,,
1032,,440,21345,D*D*,Final,,
1033,,440,21331,D*D*,Final,,
1034,,440,25469,D*D,Final,,
1035,,440,25472,D*D*,Final,,
1036,,440,21422,PP,Predicted,,
1037,,440,21369,D*D*,Final,,
1038,,440,25474,MM/MP,Final,,
1039,,134,34918,D*D*D*,Predicted,,
1040,,96,33029,DDD*,Final,,
1041,,96,27769,MPP,Final,,
1042,,440,35152,D*D*,Predicted,,
1043,,96,19191,MPP,Final,,
1044,,119,34980,DDD,Final,,
1045,,96,21028,D*D*D*,Final,,
1046,,96,33415,DMM,Final,,
1047,,440,24481,D*D*,Final,,
1048,,96,32973,DDD,Final,,
1049,,96,24855,PPP,Predicted,,
1050,,96,33113,MMM,Final,,
1051,,96,34219,DDD*,Final,,
1052,,402,14790,P,Final,,
1053,,402,35505,P,Final,,
1054,,402,24367,D,Final,,
1055,,402,21893,M,Final,,
1056,,402,35474,M,Final,,
1057,,402,24290,D,Predicted,,
1058,,402,18048,D,Final,,
1059,,402,35490,D,Final,,
1060,,96,33572,DDD,Final,,
1061,,53,35965,P,Final,,
1062,,53,35964,D*,Final,,
1063,,96,21317,PPP,Predicted,,
1064,,96,24422,DD*D*,Final,,
1065,,96,18098,DDD,Final,,
1066,,96,33342,D*D*D*,Final,,
1067,,96,33311,MMM,Predicted,,
1068,,96,33123,DMM,Final,,
1069,,441,34465,D*,Predicted,,
1070,,441,25415,P,Predicted,,
1071,,441,34988,P,Predicted,,
1072,,96,27761,PPP,Predicted,,
1073,,96,33278,DMM,Predicted,,
1074,,96,21396,MMM,Final,,
1075,,98,16083,P,Predicted,,
1076,,412,23646,D*D,Predicted,,
1077,,412,23643,D*D*,Predicted,,
1078,,412,25620,PP,Predicted,,
1079,,412,22301,D*D*,Predicted,,
1080,,412,24145,D*D*,Predicted,,
1081,,412,25772,D*D*,Predicted,,
1082,,162,16380,PPP,Predicted,,
1083,,431,34681,P,Predicted,,
1084,,43,33107,D*D*D*,Predicted,,
1085,,436,25024,D*D*,Predicted,,
1086,,119,34678,DDD,Final,,
1087,,119,36174,MMM,Predicted,,
1088,,119,34670,DDD,Predicted,,
1089,,119,34982,DDM,Final,,
1090,,96,33054,DDD*,Final,,
1091,,41,33269,M,Final,,
1092,,41,23251,P,Final,,
1093,,412,25635,D*D*,Predicted,,
1094,,162,35475,PPP,Predicted,,
1095,,30,19252,D*D,Final,,
1096,,30,21346,D*D*,Final,,
1097,,30,21197,DM,Predicted,,
1098,,106,23462,PP,Final,,
1099,,106,23538,D*D,Predicted,,
1100,,440,35149,D*D,Predicted,,
1101,,412,23645,D*D*,Predicted,,
1102,,30,21322,D*D*,Final,,
1103,,402,35522,P,Final,,
1104,,402,35498,M,Final,,
1105,,96,35989,MMP,Predicted,,
1106,,96,22083,D*D*D*,Final,,
1107,,96,33206,MMM,Final,,
1108,,431,17862,P,Predicted,,
1109,,90,34282,M,Final,,
1110,,90,14049,M,Final,,
1111,,90,36313,M,Final,,
1112,,90,34305,P,Final,,
1113,,90,34274,P,Predicted,,
1114,,90,19288,P,Predicted,,
1115,,90,35990,D,Final,,
1116,,31,35989,D*,Final,,
1117,,31,33201,M,Final,,
1118,,162,16300,PPP,Predicted,,
1119,,162,35713,PPP,Predicted,,
1120,,43,33307,D*D*D*,Final,,
1121,,31,18868,D*,Predicted,,
1122,,134,21354,D*D*D*,Predicted,,
1123,,31,33634,M,Predicted,,
1124,,431,26010,P,Predicted,,
1125,,431,36506,P,Predicted,,
1126,,431,35411,P,Predicted,,
1127,,431,36029,P,Predicted,,
1128,,431,25938,P,Predicted,,
1129,,431,36507,P,Predicted,,
1130,,30,33096,DD,Predicted,,
1131,,30,27766,D*D,Final,,
1132,,410,21245,DMM,Predicted,,
1133,,411,34905,DD*D*,Predicted,,
1134,,411,34854,MPP,Predicted,,
1135,,411,12391,PPP,Predicted,,
1136,,412,22334,D*D*,Predicted,,
1137,,412,26689,DM,Predicted,,
1138,,414,23516,PP,Predicted,,
1139,,436,24782,D*D*,Predicted,,
1140,,414,34663,DM,Predicted,,
1141,,414,35208,D*D*,Predicted,,
1142,,414,36345,D*D,Predicted,,
1143,,414,35792,DM,Predicted,,
1144,,414,33419,PP,Predicted,,
1145,,414,34607,DM/DD,Predicted,,
1146,,414,35206,D*D,Predicted,,
1147,,436,24522,D*D*,Predicted,,
1148,,134,34818,D*D*D*,Predicted,,
1149,,31,33120,D,Final,,
1150,,440,36803,D*D*,Predicted,,
1151,,96,33085,MMP,Final,,
1152,,96,33095,MMP,Final,,
1153,,84,36130,DD,Predicted,,
1154,,84,15586,D*D,Predicted,,
1155,,84,24394,MM/MP,Predicted,,
1156,,84,34264,D*D*,Predicted,,
1157,,84,36131,DM/DD,Predicted,,
1158,,84,15590,D*D*,Predicted,,
1159,,84,33031,DD,Predicted,,
1160,,84,16010,D*D*,Predicted,,
1161,,84,36132,D*D*,Predicted,,
1162,,84,34341,D*D*,Predicted,,
1163,,84,34389,DD,Predicted,,
1164,,84,34311,D*D*,Predicted,,
1165,,84,34628,D*D,Predicted,,
1166,,84,34283,MM/MP,Predicted,,
1167,,84,33219,D*D,Predicted,,
1168,,84,34321,DD,Predicted,,
1169,,84,36136,DM/DD,Predicted,,
1170,,84,34313,D*D*,Predicted,,
1171,,84,23303,D*D*,Predicted,,
1172,,84,34337,D*D,Predicted,,
1173,,84,36135,DD,Predicted,,
1174,,30,19650,D*D*,Final,,
1175,,30,33414,DD,Predicted,,
1176,,30,21311,DD,Predicted,,
1177,,30,33323,D*D*,Final,,
1178,,30,21312,DM,Final,,
1179,,13,34988,PP,Predicted,,
1180,,119,34978,DDD,Final,,
1181,,119,34632,DDD*,Predicted,,
1182,,402,34339,P,Final,,
1183,,41,33087,D,Final,,
1184,,43,33091,D*D*D*,Predicted,,
1185,,43,35424,DMM,Predicted,,
1186,,22,34285,D*D*D*,Final,,
1187,,22,32971,DMM,Predicted,,
1188,,22,35956,DMM,Predicted,,
1189,,22,34259,D*D*D*,Predicted,,
1190,,22,34287,D*D*D*,Predicted,,
1191,,134,34926,D*D*D*,Predicted,,
1192,,412,25762,PP,Predicted,,
1193,,411,21380,MPP,Predicted,,
1194,,411,34751,DDM,Predicted,,
1195,,43,33011,D*D*D*,Final,,
1196,,43,33144,MMP,Predicted,,
1197,,43,33226,D*D*D*,Final,,
1198,,43,34182,DD*D*,Final,,
1199,,43,33465,D*D*D*,Final,,
1200,,43,21307,DMM,Predicted,,
1201,,43,35422,DDD,Predicted,,
1202,,43,34231,DDD,Final,,
1203,,43,33093,DDD,Predicted,,
1204,,31,33311,M,Final,,
1205,,119,35571,DDM,Predicted,,
1206,,96,19624,MMM,Predicted,,
1207,,96,35914,PPP,Final,,
1208,,441,24755,P,Final,,
1209,,43,22163,DDD,Predicted,,
1210,,43,26725,PPP,Predicted,,
1211,,43,35423,MMM,Predicted,,
1212,,31,27761,P,Final,,
1213,,85,34291,DDD*,Predicted,,
1214,,436,26303,D*D*,Predicted,,
1215,,31,36086,M,Predicted,,
1216,,119,24253,DDD,Final,,
1217,,119,34979,PPP,Predicted,,
1218,,31,21202,P,Final,,
1219,,134,34821,D*D*D*,Predicted,,
1220,,134,34869,D*D*D*,Predicted,,
1221,,134,36137,D*D*D*,Predicted,,
1222,,134,34831,D*D*D*,Predicted,,
1223,,134,34825,D*D*D*,Predicted,,
1224,,134,34868,D*D*D*,Predicted,,
1225,,134,36838,DDD*,Predicted,,
1226,,134,34816,D*D*D*,Predicted,,
1227,,134,34898,D*D*D*,Predicted,,
1228,,134,34769,D*D*D*,Predicted,,
1229,,134,11291,DD*D*,Predicted,,
1230,,440,35146,D*D*,Predicted,,
1231,,96,33058,MPP,Predicted,,
1232,,119,34814,MMM,Final,,
1233,,41,33365,P,Predicted,,
1234,,43,34330,DD*D*,Final,,
1235,,411,24349,PPP,Predicted,,
1236,,166,38240,DDD,Final,,
1237,,134,21318,D*D*D*,Predicted,,
1238,,134,16334,D*D*D*,Predicted,,
1239,,134,24899,D*D*D*,Predicted,,
1240,,134,34948,DDD*,Predicted,,
1241,,134,34793,D*D*D*,Predicted,,
1242,,134,34903,D*D*D*,Predicted,,
1243,,440,36801,D*D*,Predicted,,
1244,,440,35151,D*D,Predicted,,
1245,,440,35153,DM,Predicted,,
1246,,440,35148,D*D*,Predicted,,
1247,,414,35668,D*D,Predicted,,
1248,,440,35782,MM/MP,Predicted,,
1249,,43,33109,MPP,Predicted,,
1250,,31,21313,D,Predicted,,
1251,,43,23197,DDM,Final,,
1252,,412,26407,PP,Predicted,,
1253,,41,33061,M,Final,,
1254,,85,34319,DDD*,Predicted,,
1255,,85,34338,DDD*,Predicted,,
1256,,85,20901,MPP,Predicted,,
1257,,85,21829,MPP,Predicted,,
1258,,85,21051,DDD,Predicted,,
1259,,85,21895,MPP,Predicted,,
1260,,85,25067,MPP,Predicted,,
1261,,411,35500,PPP,Predicted,,
1262,,433,23581,P,Predicted,,
1263,,43,33078,PPP,Predicted,,
1264,,43,33169,MMP,Predicted,,
1265,,30,23313,DD,Predicted,,
1266,,411,34848,PPP,Predicted,,
1267,,22,36484,DD*D*,Predicted,,
1268,,22,34261,D*D*D*,Final,,
1269,,47,16022,P,Predicted,,
1270,,47,27099,P,Final,,
1271,,47,27823,P,Predicted,,
1272,,47,36206,D,Final,,
1273,,409,36842,MP,Predicted,,
1274,,409,35731,DM/DD,Predicted,,
1275,,409,34966,D*D*,Predicted,,
1276,,409,15638,DD,Final,,
1277,,43,26722,PPP,Predicted,,
1278,,411,34820,MPP,Predicted,,
1279,,411,14886,MMM,Predicted,,
1280,,435,23581,D*D*,Predicted,,
1281,,31,24538,P,Final,,
1282,,152,25032,P,Predicted,,
1283,,152,35437,M,Final,,
1284,,152,35395,D,Final,,
1285,,152,16934,P,Predicted,,
1286,,152,35439,D*,Final,,
1287,,152,35438,P,Predicted,,
1288,,152,35066,P,Final,,
1289,,152,35443,P,Predicted,,
1290,,152,28035,P,Predicted,,
1291,,152,35399,M,Final,,
1292,,152,35396,P,Predicted,,
1293,,152,35397,P,Predicted,,
1294,,152,35292,D,Final,,
1295,,47,14272,P,Predicted,,
1296,,30,21381,DM,Predicted,,
1297,,152,35445,P,Final,,
1298,,98,34592,P,Final,,
1299,,410,24580,PPP,Predicted,,
1300,,47,36307,P,Final,,
1301,,22,34288,DD*D*,Predicted,,
1302,,22,37409,MMM,Predicted,,
1303,,47,35655,P,Predicted,,
1304,,47,34911,P,Final,,
1305,,134,34924,D*D*D*,Predicted,,
1306,,134,34900,D*D*D*,Predicted,,
1307,,134,34914,DMM,Predicted,,
1308,,134,35779,D*D*D*,Predicted,,
1309,,440,37283,D*D*,Predicted,,
1310,,152,12125,P,Final,,
1311,,152,25050,P,Final,,
1312,,87,21289,M,Predicted,,
1313,,87,33515,M,Predicted,,
1314,,87,21836,P,Predicted,,
1315,,87,28607,M,Predicted,,
1316,,87,35087,P,Predicted,,
1317,,87,34324,P,Predicted,,
1318,,87,35191,D*,Predicted,,
1319,,87,35205,P,Predicted,,
1320,,87,35161,M,Predicted,,
1321,,87,21778,D,Predicted,,
1322,,87,33361,P,Predicted,,
1323,,87,33196,D*,Predicted,,
1324,,87,34916,D*,Predicted,,
1325,,87,33014,D,Predicted,,
1326,,87,33186,D*,Predicted,,
1327,,87,21368,M,Predicted,,
1328,,87,22249,P,Predicted,,
1329,,87,24804,P,Predicted,,
1330,,87,33310,M,Predicted,,
1331,,87,33189,D*,Predicted,,
1332,,87,33023,M,Predicted,,
1333,,87,23869,P,Predicted,,
1334,,87,34213,D,Predicted,,
1335,,87,24345,P,Predicted,,
1336,,87,35193,D*,Predicted,,
1337,,87,33462,D,Predicted,,
1338,,87,34186,D*,Predicted,,
1339,,87,34315,M,Predicted,,
1340,,87,19233,P,Predicted,,
1341,,87,22138,D,Predicted,,
1342,,87,33154,P,Predicted,,
1343,,87,33128,P,Predicted,,
1344,,87,24550,P,Predicted,,
1345,,87,33466,D,Predicted,,
1346,,87,35192,D*,Predicted,,
1347,,87,34917,P,Predicted,,
1348,,87,34572,D*,Predicted,,
1349,,152,25491,M,Predicted,,
1350,,152,35394,P,Predicted,,
1351,,119,34683,PPP,Predicted,,
1352,,30,21423,DD,Final,,
1353,,84,36134,DM/DD,Predicted,,
1354,,85,36867,MPP,Predicted,,
1355,,30,19653,D*D*,Final,,
1356,,43,33143,PPP,Predicted,,
1357,,31,26782,P,Final,,
1358,,31,24260,P,Final,,
1359,,119,35041,PPP,Predicted,,
1360,,31,25228,P,Final,,
1361,,31,24589,P,Predicted,,
1362,,31,22054,P,Final,,
1363,,31,22077,P,Final,,
1364,,31,27074,P,Final,,
1365,,31,23483,P,Final,,
1366,,178,17210,P,Predicted,,
1367,,176,36428,DDD,Final,,
1368,,176,36311,DDM,Final,,
1369,,176,14230,PPP,Final,,
1370,,176,35322,PPP,Predicted,,
1371,,176,23847,MPP,Final,,
1372,,176,36310,MPP,Predicted,,
1373,,176,36427,DDM,Final,,
1374,,176,34450,MMM,Final,,
1375,,176,36494,MMM,Final,,
1376,,176,36790,MMP,Final,,
1377,,176,37491,MMP,Final,,
1378,,176,35993,MPP,Predicted,,
1379,,176,23616,MPP,Final,,
1380,,176,36309,MMM,Final,,
1381,,176,23589,MPP,Final,,
1382,,176,23506,MMP,Final,,
1383,,134,25074,D*D*D*,Predicted,,
1384,,409,35677,DM,Final,,
1385,,22,34346,MMM,Predicted,,
1386,,22,34326,D*D*D*,Predicted,,
1387,,22,34289,MMM,Predicted,,
1388,,22,23152,DMM,Predicted,,
1389,,22,21424,MMM,Predicted,,
1390,,409,34964,D*D*,Final,,
1391,,409,14011,D*D,Final,,
1392,,122,12238,DDD,Final,,
1393,,122,17119,PPP,Final,,
1394,,122,36322,MMP,Final,,
1395,,122,36320,MPP,Predicted,,
1396,,122,24257,DMM,Final,,
1397,,122,35630,DDM,Final,,
1398,,122,36429,DDD,Final,,
1399,,22,34253,MMM,Predicted,,
1400,,150,15380,D*,Final,,
1401,,150,36504,D,Predicted,,
1402,,150,36316,D,Final,,
1403,,150,36503,D*,Final,,
1404,,150,36505,D*,Final,,
1405,,150,35903,M,Final,,
1406,,150,13636,D,Predicted,,
1407,,150,36502,M,Final,,
1408,,138,36121,DDM,Predicted,,
1409,,409,34961,DM,Final,,
1410,,410,21898,DDD,Predicted,,
1411,,414,23612,PP,Predicted,,
1412,,410,21271,DMM,Predicted,,
1413,,138,36127,MMP,Predicted,,
1414,,138,36119,D*D*D*,Final,,
1415,,138,23615,MMP,Final,,
1416,,138,35629,MPP,Predicted,,
1417,,138,35628,DMM,Final,,
1418,,138,34416,MMP,Predicted,,
1419,,138,36318,MPP,Predicted,,
1420,,138,14117,DMM,Predicted,,
1421,,138,36124,DDD,Final,,
1422,,138,21724,MMM,Final,,
1423,,138,23724,MMM,Final,,
1424,,112,39646,MMM,Final,,
1425,,22,36117,D*D*D*,Predicted,,
1426,,19,16349,MMP,Final,,
1427,,409,25571,PP,Predicted,,
1428,,19,23779,MMM,Final,,
1429,,409,26701,MP,Final,,
1430,,455,43631,DMM,Predicted,,
1431,,51,23443,D*D*,Predicted,,
1432,,119,34796,PPP,Predicted,,
1433,,22,35955,DD*D*,Predicted,,
1434,,431,0,P,Final,,
1435,,107,15114,MPP,Final,,
1436,,107,23874,DDM,Final,,
1437,,107,23859,MPP,Final,,
1438,,107,35425,DMM,Final,,
1439,,107,24923,DMM,Final,,
1440,,107,35427,DMM,Final,,
1441,,107,35026,DMM,Final,,
1442,,107,22967,MMM,Final,,
1443,,107,24893,DDD,Final,,
1444,,107,21349,MPP,Predicted,,
1445,,107,23729,DMM,Final,,
1446,,107,23815,MMP,Final,,
1447,,107,15233,PPP,Predicted,,
1448,,107,35431,MMP,Final,,
1449,,107,35435,D*D*D*,Final,,
1450,,456,36379,P,Predicted,,
1451,,411,34876,PPP,Predicted,,
1452,,79,35406,D*D*,Predicted,,
1453,,116,25368,PPP,Predicted,,
1454,,19,36496,DMM,Final,,
1455,,19,36818,MPP,Final,,
1456,,19,36819,PPP,Predicted,,
1457,,19,36486,PPP,Final,,
1458,,19,36497,MMM,Predicted,,
1459,,19,36498,MMP,Final,,
1460,,19,36820,MPP,Predicted,,
1461,,460,45953,PPP,Predicted,,
1462,,525,37255,Merit,Final,,
1463,,527,37255,Merit,Final,,
1464,,431,27047,P,Predicted,,
1465,,559,34751,DDM,Predicted,,
1466,,559,34905,DD*D*,Predicted,,
1467,,559,14886,DMM,Predicted,,
1468,,559,34820,MMP,Predicted,,
1469,,559,34854,DDM,Predicted,,
1470,,559,12391,MMM,Predicted,,
1471,,559,35500,MPP,Predicted,,
1472,,559,21380,MPP,Predicted,,
1473,,560,36345,D*D*,Predicted,,
1474,,560,33638,D*D*,Predicted,,
1475,,560,33773,DM,Predicted,,
1476,,560,33419,PP,Predicted,,
1477,,560,35792,DM,Predicted,,
1478,,560,36344,D*D*,Predicted,,
1479,,560,32965,DM,Predicted,,
1480,,560,35663,D*D*,Predicted,,
1481,,560,35668,D*D,Predicted,,
1482,,560,37045,MM,Predicted,,
1483,,560,23516,PP,Predicted,,
1484,,560,35206,D*D,Predicted,,
1485,,560,35208,D*D*,Predicted,,
1486,,560,34607,D*D,Predicted,,
1487,,560,23612,MP,Predicted,,
1488,,560,34708,D*D,Predicted,,
1489,,560,34663,MM,Predicted,,
1490,,178,17072,P,Predicted,,
1491,,403,38058,MMM,Final,,
1492,,148,36759,MMM,Final,,
1493,,456,15342,P,Predicted,,
1494,,148,25056,MMP,Final,,
1495,,148,35951,MPP,Final,,
1496,,148,24333,PPP,Predicted,,
1497,,148,36806,DDM,Final,,
1498,,563,20821,Pass,Final,,
1499,,431,21441,P,Final,,
1500,,431,45563,P,Final,,
1501,,431,26701,P,Final,,
1502,,40,37268,D*D*D*,Final,,
1503,,620,29819,Pass,Final,,
1504,,431,47051,P,Predicted,,
1505,,148,36805,PPP,Predicted,,
1506,,563,45517,Pass,Final,,
1507,,156,34658,D*D*D*,Predicted,,
1508,,156,26889,D*D*D*,Predicted,,
1509,,156,24380,D*D*D*,Predicted,,
1510,,156,24889,D*D*D*,Predicted,,
1511,,156,21143,D*D*D*,Predicted,,
1512,,156,34623,D*D*D*,Predicted,,
1513,,156,34656,D*D*D*,Predicted,,
1514,,156,36769,D*D*D*,Predicted,,
1515,,156,16351,D*D*D*,Predicted,,
1516,,156,34629,D*D*D*,Predicted,,
1517,,156,34578,D*D*D*,Predicted,,
1518,,156,34765,D*D*D*,Predicted,,
1519,,156,34573,D*D*D*,Predicted,,
1520,,156,36797,D*D*D*,Predicted,,
1521,,156,18355,D*D*D*,Predicted,,
1522,,156,27409,D*D*D*,Predicted,,
1523,,156,34574,D*D*D*,Predicted,,
1524,,156,34622,D*D*D*,Predicted,,
1525,,156,34611,DDD*,Predicted,,
1526,,156,36499,D*D*D*,Predicted,,
1527,,156,14134,D*D*D*,Predicted,,
1528,,156,34637,D*D*D*,Predicted,,
1529,,156,34605,D*D*D*,Predicted,,
1530,,156,30121,DD*D*,Predicted,,
1531,,156,34621,D*D*D*,Predicted,,
1532,,156,37046,D*D*D*,Predicted,,
1533,,156,32090,D*D*D*,Predicted,,
1534,,431,47952,P,Final,,
1535,,156,35724,D*D*D*,Predicted,,
1536,,431,47716,P,Final,,
1537,,156,34568,D*D*D*,Predicted,,
1538,,156,34616,D*D*D*,Predicted,,
1539,,431,45135,P,Final,,
1540,,431,45136,P,Final,,
1541,,156,23174,D*D*D*,Predicted,,
1542,,156,36768,D*D*D*,Predicted,,
1543,,156,34596,D*D*D*,Predicted,,
1544,,156,23720,DD*D*,Predicted,,
1545,,156,34633,D*D*D*,Predicted,,
1546,,156,36254,D*D*D*,Predicted,,
1547,,406,36089,D*D*,Predicted,,
1548,,406,34676,D*D*,Predicted,,
1549,,156,15923,D*D*D*,Predicted,,
1550,,34,34309,D*D*D*,Final,,
1551,,34,36718,DDD*,Final,,
1552,,156,34597,D*D*D*,Predicted,,
1553,,156,34662,D*D*D*,Predicted,,
1554,,431,44414,P,Predicted,,
1555,,554,22233,P,Predicted,,
1556,,554,47658,P,Predicted,,
1557,,554,49097,P,Predicted,,
1558,,56,35961,DDD*,Final,,
1559,,56,35741,D*D*D*,Final,,
1560,,406,36758,D*D*,Predicted,,
1561,,406,35957,D*D*,Predicted,,
1562,,406,22042,MM,Final,,
1563,,406,34521,D*D,Predicted,,
1564,,406,35871,DM,Final,,
1565,,56,35905,MMP,Predicted,,
1566,,531,42295,MP,Final,,
1567,,56,35907,DD*D*,Predicted,,
1568,,34,34294,PPP,Final,,
1569,,156,23283,D*D*D*,Predicted,,
1570,,554,47659,P,Predicted,,
1571,,56,35106,DDD*,Predicted,,
1572,,34,34375,MPP,Final,,
1573,,34,34827,DDM,Final,,
1574,,34,34355,MMP,Predicted,,
1575,,34,34290,DMM,Final,,
1576,,34,21064,DMM,Final,,
1577,,34,34332,MMP,Final,,
1578,,34,34296,DDM,Final,,
1579,,34,34308,PPP,Final,,
1580,,56,36144,D*D*D*,Predicted,,
1581,,431,21260,P,Predicted,,
1582,,156,21876,D*D*D*,Predicted,,
1583,,406,36197,MP,Predicted,,
1584,,406,24864,DM,Final,,
1585,,34,34349,MPP,Predicted,,
1586,,56,36317,D*D*D*,Final,,
1587,,56,36335,D*D*D*,Final,,
1588,,432,23735,MMP,Predicted,,
1589,,432,14431,DDM,Final,,
1590,,432,14192,DMM,Final,,
1591,,432,35114,MMP,Final,,
1592,,432,35103,DDD*,Final,,
1593,,432,35159,MMM,Final,,
1594,,432,14425,MMP,Predicted,,
1595,,432,12830,DMM,Final,,
1596,,34,24920,MMM,Final,,
1597,,34,35406,DMM,Predicted,,
1598,,156,34587,D*D*D*,Predicted,,
1599,,40,36351,DDD,Final,,
1600,,56,36321,D*D*D*,Final,,
1601,,56,35962,DDD,Final,,
1602,,406,21457,D*D*,Predicted,,
1603,,406,24438,D*D*,Predicted,,
1604,,406,36087,D*D*,Predicted,,
1605,,552,36147,D*D*,Final,,
1606,,552,42546,MP,Final,,
1607,,552,46146,D*D,Final,,
1608,,552,42671,D*D,Final,,
1609,,552,42557,DM,Final,,
1610,,552,42334,D*D,Final,,
1611,,552,46965,DM,Final,,
1612,,156,34650,D*D*D*,Predicted,,
1613,,406,35876,D*D*,Predicted,,
1614,,406,22058,D*D*,Predicted,,
1615,,406,33467,D*D*,Predicted,,
1616,,406,35875,D*D*,Predicted,,
1617,,406,23508,D*D*,Predicted,,
1618,,56,35960,DMM,Predicted,,
1619,,56,36324,DMM,Final,,
1620,,56,36490,DDD,Predicted,,
1621,,56,36319,D*D*D*,Final,,
1622,,56,24357,PPP,Predicted,,
1623,,148,26046,PPP,Predicted,,
1624,,148,21370,MMP,Final,,
1625,,148,15056,MPP,Predicted,,
1626,,148,36063,DD*D*,Final,,
1627,,148,36807,PPP,Predicted,,
1628,,148,19322,PPP,Predicted,,
1629,,40,37265,D*D*D*,Final,,
1630,,406,34260,MM,Final,,
1631,,406,35874,PP,Predicted,,
1632,,406,35872,MM,Final,,
1633,,406,35560,MP,Predicted,,
1634,,456,15061,P,Predicted,,
1635,,156,34580,D*D*D*,Predicted,,
1636,,156,25551,D*D*D*,Predicted,,
1637,,156,34646,D*D*D*,Predicted,,
1638,,549,47327,DM,Final,,
1639,,549,46144,MP,Final,,
1640,,549,25058,MM,Final,,
1641,,549,46093,PP,Final,,
1642,,549,42365,MP,Final,,
1643,,549,46101,MM,Final,,
1644,,549,42596,MM,Final,,
1645,,549,42372,MM,Final,,
1646,,437,36346,D*D*,Predicted,,
1647,,437,35725,MM,Predicted,,
1648,,437,33855,MM,Predicted,,
1649,,437,12841,MM,Predicted,,
1650,,156,23284,D*D*D*,Predicted,,
1651,,103,34778,PPP,Predicted,,
1652,,103,35068,MMP,Predicted,,
1653,,103,34863,PPP,Predicted,,
1654,,103,27225,MMP,Predicted,,
1655,,103,14020,DDD*,Predicted,,
1656,,103,23257,PPP,Predicted,,
1657,,103,34792,DD*D*,Predicted,,
1658,,103,34859,DDD*,Predicted,,
1659,,103,34909,MPP,Predicted,,
1660,,103,34901,MPP,Predicted,,
1661,,103,34912,DDD*,Predicted,,
1662,,437,35686,DD,Predicted,,
1663,,103,34847,PPP,Predicted,,
1664,,156,34640,D*D*D*,Predicted,,
1665,,103,28032,PPP,Predicted,,
1666,,103,34811,PPP,Predicted,,
1667,,112,38162,DMM,Predicted,,
1668,,103,34851,PPP,Predicted,,
1669,,552,35860,MM,Predicted,,
1670,,156,34593,D*D*D*,Predicted,,
1671,,40,36920,D*D*D*,Final,,
1672,,40,36923,MMM,Final,,
1673,,40,35606,MMM,Final,,
1674,,40,36921,MMM,Final,,
1675,,40,36924,DDD*,Final,,
1676,,40,36922,D*D*D*,Final,,
1677,,431,44426,P,Predicted,,
1678,,103,34846,PPP,Predicted,,
1679,,156,34627,D*D*D*,Predicted,,
1680,,409,36347,DM,Final,,
1681,,103,34921,MMP,Predicted,,
1682,,168,21232,D*D*D*,Predicted,,
1683,,168,34501,D*D*D*,Predicted,,
1684,,404,12835,PP,Predicted,,
1685,,404,21289,MP,Predicted,,
1686,,404,33331,PP,Predicted,,
1687,,404,24592,PP,Predicted,,
1688,,404,22227,PP,Predicted,,
1689,,404,14857,PP,Predicted,,
1690,,404,22218,PP,Predicted,,
1691,,404,22085,MM,Predicted,,
1692,,404,22200,MM/MP,Predicted,,
1693,,404,35188,MP,Predicted,,
1694,,404,22032,PP,Predicted,,
1695,,404,24175,PP,Predicted,,
1696,,404,22176,PP,Predicted,,
1697,,404,32907,MM,Predicted,,
1698,,404,14719,PP,Predicted,,
1699,,404,24166,MP,Predicted,,
1700,,404,14909,PP,Predicted,,
1701,,404,14864,PP,Predicted,,
1702,,404,24307,PP,Predicted,,
1703,,404,24558,MM,Predicted,,
1704,,404,22283,MM,Predicted,,
1705,,404,35496,PP,Predicted,,
1706,,404,34503,PP,Predicted,,
1707,,404,22275,MP,Predicted,,
1708,,404,35305,PP,Predicted,,
1709,,404,21093,PP,Predicted,,
1710,,404,22057,PP,Predicted,,
1711,,404,33184,PP,Predicted,,
1712,,404,33295,MP,Predicted,,
1713,,404,22082,MP,Predicted,,
1714,,168,22219,D*D*D*,Predicted,,
1715,,156,27410,D*D*D*,Predicted,,
1716,,168,33308,D*D*D*,Predicted,,
1717,,168,33280,DMM,Predicted,,
1718,,168,21417,D*D*D*,Predicted,,
1719,,168,34472,DMM,Predicted,,
1720,,168,22166,DDD,Predicted,,
1721,,168,23365,DMM,Predicted,,
1722,,168,21372,D*D*D*,Predicted,,
1723,,168,35070,MMM,Predicted,,
1724,,168,35067,D*D*D*,Predicted,,
1725,,168,21392,DDD*,Predicted,,
1726,,168,34486,MMM,Predicted,,
1727,,404,21283,MP,Predicted,,
1728,,404,21241,MP,Predicted,,
1729,,404,23974,PP,Predicted,,
1730,,404,21266,MP,Predicted,,
1731,,168,21361,D*D*D*,Predicted,,
1732,,404,21240,MP,Predicted,,
1733,,168,21283,D*D*D*,Predicted,,
1734,,168,21367,D*D*D*,Predicted,,
1735,,168,21274,D*D*D*,Predicted,,
1736,,168,23876,D*D*D*,Predicted,,
1737,,409,21363,D*D*,Final,,
1738,,168,21376,D*D*D*,Predicted,,
1739,,168,24753,D*D*D*,Predicted,,
1740,,168,21340,D*D*D*,Predicted,,
1741,,168,23532,D*D*D*,Predicted,,
1742,,168,21266,D*D*D*,Predicted,,
1743,,404,21358,MP,Predicted,,
1744,,404,21233,DM,Predicted,,
1745,,168,21404,D*D*D*,Predicted,,
1746,,404,21235,DM,Predicted,,
1747,,404,17022,PP,Predicted,,
1748,,404,21226,PP,Predicted,,
1749,,404,21377,PP,Predicted,,
1750,,404,23991,MP,Predicted,,
1751,,404,14795,PP,Predicted,,
1752,,404,16474,PP,Predicted,,
1753,,404,21405,MP,Predicted,,
1754,,168,16861,D*D*D*,Predicted,,
1755,,168,26441,D*D*D*,Predicted,,
1756,,168,23122,D*D*D*,Predicted,,
1757,,168,24168,D*D*D*,Predicted,,
1758,,168,21445,D*D*D*,Predicted,,
1759,,437,25981,MM,Predicted,,
1760,,405,35021,D*D*,Predicted,,
1761,,405,35023,D*D*,Predicted,,
1762,,409,36402,D*D*,Final,,
1763,,488,48158,DDD*,Predicted,,
1764,,598,35737,P,Predicted,,
1765,,405,18214,D*D*,Predicted,,
1766,,405,35020,D*D*,Predicted,,
1767,,405,37264,D*D*,Predicted,,
1768,,405,35017,D*D*,Predicted,,
1769,,628,43489,P,Predicted,,
1770,,432,35116,DD*D*,Predicted,,
1771,,114,42794,PPP,Predicted,,
1772,,40,23214,D*D*D*,Final,,
1773,,34,34364,PPP,Predicted,,
1774,,437,35726,MM,Predicted,,
1775,,405,26511,D*D*,Predicted,,
1776,,409,47776,D*D*,Predicted,,
1777,,406,36088,D*D*,Predicted,,
1778,,628,33399,P,Predicted,,
1779,,628,48152,M,Predicted,,
1780,,628,23813,P,Predicted,,
1781,,628,40560,P,Predicted,,
1782,,116,13622,MMP,Predicted,,
1783,,116,33182,DDD,Final,,
1784,,116,16369,PPP,Predicted,,
1785,,116,25178,DDM,Final,,
1786,,116,21828,DDD,Final,,
1787,,116,35042,DMM,Final,,
1788,,116,25174,MMM,Final,,
1789,,116,35093,MMP,Final,,
1790,,116,14747,PPP,Predicted,,
1791,,116,35269,MMP,Final,,
1792,,116,25060,PPP,Predicted,,
1793,,116,35897,PPP,Predicted,,
1794,,116,35861,DDD,Final,,
1795,,116,35864,MPP,Final,,
1796,,116,35859,DMM,Final,,
1797,,116,35863,MMP,Final,,
1798,,116,36300,DDM,Final,,
1799,,116,35862,DDM,Final,,
1800,,116,35623,DMM,Final,,
1801,,116,36198,DMM,Final,,
1802,,116,35624,DDM,Final,,
1803,,116,35626,MPP,Predicted,,
1804,,116,35652,DMM,Final,,
1805,,116,35650,DMM,Final,,
1806,,116,35627,MPP,Predicted,,
1807,,116,35625,DMM,Final,,
1808,,116,37502,MMM,Final,,
1809,,116,35649,MMM,Final,,
1810,,628,23851,P,Predicted,,
1811,,406,21725,D*D*,Predicted,,
1812,,116,35651,DDM,Final,,
1813,,116,14009,MPP,Predicted,,
1814,,116,21991,PPP,Predicted,,
1815,,116,22161,PPP,Predicted,,
1816,,116,42518,MPP,Predicted,,
1817,,116,45966,MMP,Predicted,,
1818,,116,42558,MMP,Predicted,,
1819,,116,35101,MPP,Predicted,,
1820,,116,47284,PPP,Predicted,,
1821,,116,47285,MMM,Predicted,,
1822,,116,47286,PPP,Predicted,,
1823,,116,46758,MPP,Predicted,,
1824,,116,33391,PPP,Predicted,,
1825,,116,45949,PPP,Predicted,,
1826,,116,45952,PPP,Predicted,,
1827,,116,17072,MPP,Predicted,,
1828,,116,47264,PPP,Predicted,,
1829,,116,16823,PPP,Predicted,,
1830,,116,47310,MMP,Predicted,,
1831,,116,35385,PPP,Predicted,,
1832,,116,47303,PPP,Predicted,,
1833,,116,42330,PPP,Predicted,,
1834,,406,21991,D*D*,Predicted,,
1835,,156,35118,D*D*D*,Predicted,,
1836,,488,33160,MMM,Predicted,,
1837,,488,46370,DDD,Predicted,,
1838,,488,46346,MMM,Predicted,,
1839,,114,46063,PPP,Predicted,,
1840,,114,21724,DMM,Predicted,,
1841,,114,46070,PPP,Predicted,,
1842,,114,42303,PPP,Predicted,,
1843,,114,42601,PPP,Predicted,,
1844,,56,21457,D*D*D*,Final,,
1845,,114,42439,PPP,Predicted,,
1846,,114,46075,DMM,Predicted,,
1847,,114,42624,PPP,Predicted,,
1848,,56,36089,MMM,Predicted,,
1849,,56,22058,MMP,Predicted,,
1850,,56,24438,MMM,Final,,
1851,,56,36087,MPP,Predicted,,
1852,,56,35876,DMM,Predicted,,
1853,,56,33467,DDD,Predicted,,
1854,,56,35957,DMM,Final,,
1855,,56,35875,DDD*,Final,,
1856,,56,34676,DD*D*,Predicted,,
1857,,56,23508,D*D*D*,Final,,
1858,,625,35392,P,Predicted,,
1859,,488,42145,DMM,Predicted,,
1860,,488,46886,DDD,Predicted,,
1861,,488,48159,DD*D*,Predicted,,
1862,,628,48096,P,Predicted,,
1863,,488,46362,MPP,Predicted,,
1864,,628,23800,P,Predicted,,
1865,,56,36088,MPP,Predicted,,
1866,,627,47959,D,Predicted,,
1867,,114,47321,PPP,Predicted,,
1868,,114,23085,PPP,Predicted,,
1869,,488,46378,PPP,Predicted,,
1870,,634,35732,P,Predicted,,
1871,,488,42171,MMP,Predicted,,
1872,,488,46352,DDM,Predicted,,
1873,,460,16369,DDM,Predicted,,
1874,,89,47411,D,Predicted,,
1875,,89,46109,D,Predicted,,
1876,,89,48264,M,Predicted,,
1877,,89,36205,D*,Predicted,,
1878,,89,42585,D,Predicted,,
1879,,89,45628,D*,Predicted,,
1880,,89,42705,M,Predicted,,
1881,,89,42761,D,Predicted,,
1882,,89,36203,D,Predicted,,
1883,,89,14254,M,Predicted,,
1884,,89,16014,M,Predicted,,
1885,,89,16085,M,Predicted,,
1886,,89,34336,M,Predicted,,
1887,,89,42658,D,Predicted,,
1888,,89,25095,D*,Predicted,,
1889,,89,26580,P,Predicted,,
1890,,89,42329,D,Predicted,,
1891,,89,43216,D*,Predicted,,
1892,,107,35029,D*D*D*,Final,,
1893,,114,42379,DMM,Predicted,,
1894,,622,16904,P,Final,,
1895,,622,0,P,Final,,
1896,,404,24708,MP,Predicted,,
1897,,431,47923,P,Final,,
1898,,431,25452,P,Final,,
1899,,116,42315,MPP,Predicted,,
1900,,116,42339,PPP,Predicted,,
1901,,117,35625,P,Final,,
1902,,634,47816,P,Predicted,,
1903,,634,31454,P,Predicted,,
1904,,628,49626,P,Predicted,,
1905,,431,47606,P,Predicted,,
1906,,634,35715,P,Predicted,,
1907,,102,42550,D*,Final,,
1908,,102,22813,D*,Final,,
1909,,102,48133,D*,Final,,
1910,,102,46285,D*,Predicted,,
1911,,102,45950,D*,Final,,
1912,,102,45948,D*,Final,,
1913,,102,42481,D*,Final,,
1914,,102,48132,D*,Final,,
1915,,102,43137,D*,Final,,
1916,,102,47323,D*,Final,,
1917,,404,24605,DM,Predicted,,
1918,,404,23122,MP,Predicted,,
1919,,404,21232,DM,Predicted,,
1920,,404,21279,PP,Predicted,,
1921,,531,46428,DM,Final,,
1922,,96,48236,D*D*D*,Predicted,,
1923,,102,42322,D*,Final,,
1924,,102,43068,D*,Predicted,,
1925,,102,34849,D*,Final,,
1926,,102,45979,D*,Final,,
1927,,102,35438,D*,Predicted,,
1928,,102,36210,D*,Predicted,,
1929,,116,43233,MPP,Predicted,,
1930,,116,24682,PPP,Predicted,,
1931,,116,43144,MPP,Predicted,,
1932,,116,42505,PPP,Predicted,,
1933,,116,46477,PPP,Predicted,,
1934,,116,42656,PPP,Predicted,,
1935,,116,42375,PPP,Predicted,,
1936,,628,24070,P,Predicted,,
1937,,627,48009,P,Predicted,,
1938,,549,25059,PP,Final,,
1939,,550,46725,DM,Predicted,,
1940,,550,42308,DM,Final,,
1941,,550,14128,MP,Predicted,,
1942,,550,42476,PP,Predicted,,
1943,,550,42792,MM,Final,,
1944,,550,42356,DD,Final,,
1945,,550,42743,MP,Final,,
1946,,550,46102,MM,Final,,
1947,,550,45980,PP,Predicted,,
1948,,550,42489,MP,Final,,
1949,,550,42602,PP,Final,,
1950,,550,42371,DM,Final,,
1951,,552,47585,DM,Final,,
1952,,552,42431,MP,Final,,
1953,,552,42231,MM,Predicted,,
1954,,552,22622,PP,Predicted,,
1955,,552,42260,PP,Final,,
1956,,552,42672,MP,Final,,
1957,,634,46270,P,Predicted,,
1958,,634,46365,P,Predicted,,
1959,,107,35025,DDD*,Final,,
1960,,107,23831,PPP,Final,,
1961,,107,35430,MPP,Final,,
1962,,107,23110,MPP,Final,,
1963,,107,35031,MMP,Final,,
1964,,107,34471,PPP,Predicted,,
1965,,536,42785,PP,Final,,
1966,,536,42355,MM,Final,,
1967,,536,42279,PP,Final,,
1968,,536,34916,PP,Final,,
1969,,536,42653,PP,Final,,
1970,,536,47171,MP,Final,,
1971,,536,46116,PP,Final,,
1972,,159,35421,MPP,Final,,
1973,,159,35428,DMM,Final,,
1974,,159,35429,MPP,Final,,
1975,,159,35434,MMP,Final,,
1976,,107,35426,PPP,Final,,
1977,,107,23843,PPP,Final,,
1978,,634,42782,P,Predicted,,
1979,,22,34366,DMM,Predicted,,
1980,,116,47262,PPP,Predicted,,
1981,,116,43184,MPP,Predicted,,
1982,,116,42678,MMP,Predicted,,
1983,,116,42680,PPP,Predicted,,
1984,,406,36314,MM,Final,,
1985,,553,46110,PP,Final,,
1986,,553,42561,PP,Final,,
1987,,553,46103,PP,Final,,
1988,,553,42275,PP,Final,,
1989,,553,42534,MP,Final,,
1990,,553,42301,PP,Final,,
1991,,553,42367,PP,Final,,
1992,,553,46097,PP,Final,,
1993,,116,35092,PPP,Predicted,,
1994,,116,42474,PPP,Predicted,,
1995,,116,41605,MPP,Predicted,,
1996,,116,42726,MPP,Predicted,,
1997,,116,47735,MPP,Predicted,,
1998,,557,33354,DM,Predicted,,
1999,,557,46277,DD,Predicted,,
2000,,557,41965,D*D*,Predicted,,
2001,,557,33102,PP,Predicted,,
2002,,557,33204,MM,Predicted,,
2003,,557,46221,DD,Predicted,,
2004,,557,22852,MP,Predicted,,
2005,,557,33270,MP,Predicted,,
2006,,557,22836,DD,Predicted,,
2007,,634,46335,P,Predicted,,
2008,,483,46288,M,Predicted,,
2009,,483,46371,D*,Predicted,,
2010,,628,47950,P,Predicted,,
2011,,628,47932,M,Predicted,,
2012,,628,13331,P,Predicted,,
2013,,628,47946,M,Predicted,,
2014,,628,33478,M,Predicted,,
2015,,628,47963,P,Predicted,,
2016,,627,48008,P,Predicted,,
2017,,536,46128,PP,Final,,
2018,,516,23499,D*D*,Predicted,,
2019,,516,22527,D*D*,Predicted,,
2020,,516,41943,D*D*,Predicted,,
2021,,516,42069,D*D*,Predicted,,
2022,,516,34258,D*D*,Predicted,,
2023,,556,42035,DDM,Predicted,,
2024,,556,41903,DDD,Predicted,,
2025,,556,41917,DDD*,Predicted,,
2026,,556,22834,DDD*,Predicted,,
2027,,556,41855,DDD*,Predicted,,
2028,,556,23171,MPP,Predicted,,
2029,,556,33101,PPP,Predicted,,
2030,,516,41858,D*D*,Predicted,,
2031,,89,42488,M,Predicted,,
2032,,114,23615,DMM,Predicted,,
2033,,114,36318,PPP,Predicted,,
2034,,556,42061,DDD,Predicted,,
2035,,556,41972,DDD,Predicted,,
2036,,556,22842,DDD*,Predicted,,
2037,,556,41894,DDD*,Predicted,,
2038,,556,40772,DDD,Predicted,,
2039,,598,29352,P,Predicted,,
2040,,516,22141,D*D*,Predicted,,
2041,,516,41854,D*D*,Predicted,,
2042,,516,41936,D*D*,Predicted,,
2043,,516,27902,D*D*,Predicted,,
2044,,114,42401,MPP,Predicted,,
2045,,114,36119,DMM,Predicted,,
2046,,114,36121,PPP,Predicted,,
2047,,114,14117,PPP,Predicted,,
2048,,114,36127,PPP,Predicted,,
2049,,114,23724,PPP,Predicted,,
2050,,114,34416,PPP,Predicted,,
2051,,404,21278,MP,Predicted,,
2052,,466,43177,PPP,Predicted,,
2053,,549,34293,MP,Final,,
2054,,549,34673,MP,Final,,
2055,,549,46124,MP,Final,,
2056,,549,42352,PP,Final,,
2057,,488,46885,DDD*,Predicted,,
2058,,488,46889,DDM,Predicted,,
2059,,488,42149,DDM,Predicted,,
2060,,549,22710,PP,Final,,
2061,,483,46756,D*,Predicted,,
2062,,488,42174,DDD,Predicted,,
2063,,488,42143,MMM,Predicted,,
2064,,550,43217,PP,Predicted,,
2065,,397,36327,PPP,Predicted,,
2066,,397,36328,MMP,Final,,
2067,,397,24338,MMM,Final,,
2068,,397,25018,PPP,Predicted,,
2069,,397,36329,MMM,Final,,
2070,,397,36822,PPP,Predicted,,
2071,,397,36326,PPP,Final,,
2072,,397,36823,MPP,Predicted,,
2073,,397,36323,DDD*,Final,,
2074,,397,36481,DDM,Final,,
2075,,516,46286,D*D,Predicted,,
2076,,516,34255,D*D*,Predicted,,
2077,,516,42047,D*D,Predicted,,
2078,,516,42045,D*D,Predicted,,
2079,,516,47255,D*D,Predicted,,
2080,,516,41862,D*D,Predicted,,
2081,,516,34249,D*D,Predicted,,
2082,,516,41860,D*D,Predicted,,
2083,,516,41948,D*D,Predicted,,
2084,,516,41880,D*D,Predicted,,
2085,,516,36141,D*D*,Predicted,,
2086,,516,33004,D*D*,Predicted,,
2087,,516,34270,D*D*,Predicted,,
2088,,465,24195,P,Predicted,,
2089,,465,45677,D*,Predicted,,
2090,,465,42531,M,Predicted,,
2091,,465,34379,M,Predicted,,
2092,,465,45714,P,Predicted,,
2093,,465,45683,P,Predicted,,
2094,,465,14422,P,Predicted,,
2095,,465,24874,P,Predicted,,
2096,,465,43198,M,Predicted,,
2097,,465,42359,M,Predicted,,
2098,,465,14013,P,Predicted,,
2099,,465,24555,P,Predicted,,
2100,,465,47272,P,Predicted,,
2101,,465,35123,P,Predicted,,
2102,,465,42700,P,Predicted,,
2103,,465,43222,P,Predicted,,
2104,,465,45678,M,Predicted,,
2105,,465,25512,P,Predicted,,
2106,,465,42310,P,Predicted,,
2107,,465,14028,P,Predicted,,
2108,,465,34664,P,Predicted,,
2109,,465,16083,P,Predicted,,
2110,,465,12126,P,Predicted,,
2111,,465,45703,P,Predicted,,
2112,,465,22125,P,Predicted,,
2113,,465,45704,P,Predicted,,
2114,,624,22233,P,Final,,
2115,,483,35517,M,Predicted,,
2116,,599,42303,MMP,Predicted,,
2117,,599,42674,MMM,Predicted,,
2118,,599,42624,MPP,Predicted,,
2119,,599,23085,DDM,Predicted,,
2120,,599,42439,MMP,Predicted,,
2121,,599,46075,DDD,Predicted,,
2122,,599,46070,D*D*D*,Predicted,,
2123,,599,42601,MMM,Predicted,,
2124,,483,47527,P,Predicted,,
2125,,483,21087,M,Predicted,,
2126,,599,15380,MMP,Predicted,,
2127,,483,34875,M,Predicted,,
2128,,483,43088,D*,Predicted,,
2129,,483,19233,P,Predicted,,
2130,,483,47594,P,Predicted,,
2131,,483,46868,P,Predicted,,
2132,,483,46372,P,Predicted,,
2133,,483,47528,P,Predicted,,
2134,,114,36124,DMM,Predicted,,
2135,,114,42788,DMM,Predicted,,
2136,,516,22550,D*D*,Predicted,,
2137,,516,46132,D*D*,Predicted,,
2138,,516,25846,D*D*,Predicted,,
2139,,516,41984,D*D*,Predicted,,
2140,,557,33121,MP,Predicted,,
2141,,557,41770,MP,Predicted,,
2142,,557,46305,DM,Predicted,,
2143,,557,42053,DM,Predicted,,
2144,,557,33039,MM,Predicted,,
2145,,557,33098,DM,Predicted,,
2146,,557,23179,PP,Predicted,,
2147,,116,46007,MPP,Predicted,,
2148,,116,36502,PPP,Predicted,,
2149,,116,47261,PPP,Predicted,,
2150,,116,42530,MPP,Predicted,,
2151,,116,42592,MPP,Predicted,,
2152,,116,46005,PPP,Predicted,,
2153,,116,36503,PPP,Predicted,,
2154,,116,42769,MPP,Predicted,,
2155,,116,42536,PPP,Predicted,,
2156,,116,36305,PPP,Predicted,,
2157,,550,36399,PP,Final,,
2158,,550,36142,PP,Final,,
2159,,573,49629,D*,Predicted,,
2160,,573,47551,D*,Predicted,,
2161,,471,48204,DM,Predicted,,
2162,,472,42648,DDM,Predicted,,
2163,,409,47838,D*D*,Predicted,,
2164,,409,47844,D*D*,Predicted,,
2165,,409,47742,D*D*,Predicted,,
2166,,409,47839,D*D*,Predicted,,
2167,,409,47778,D*D*,Predicted,,
2168,,175,34875,P,Predicted,,
2169,,175,43088,P,Predicted,,
2170,,573,12671,D*,Predicted,,
2171,,553,42382,MM,Final,,
2172,,553,25009,PP,Final,,
2173,,553,46366,PP,Final,,
2174,,102,42762,D*,Final,,
2175,,517,46375,DMM,Predicted,,
2176,,114,35628,DMM,Predicted,,
2177,,114,35629,D*D*D*,Predicted,,
2178,,517,46393,MMM,Predicted,,
2179,,84,38386,D*D*,Predicted,,
2180,,472,44027,DDM,Predicted,,
2181,,472,46757,MMP,Predicted,,
2182,,471,47682,DM,Predicted,,
2183,,483,42755,P,Predicted,,
2184,,556,46201,MMM,Predicted,,
2185,,556,46238,DDD*,Predicted,,
2186,,556,41931,DDD*,Predicted,,
2187,,556,41961,DDD*,Predicted,,
2188,,556,27762,DDD*,Predicted,,
2189,,556,41938,DDD,Predicted,,
2190,,556,42011,DDD*,Predicted,,
2191,,556,41949,DDD*,Predicted,,
2192,,556,41865,MMM,Predicted,,
2193,,556,46198,DDD*,Predicted,,
2194,,556,22862,DDD*,Predicted,,
2195,,556,46297,DDM,Predicted,,
2196,,556,42049,DDD*,Predicted,,
2197,,556,46178,DMM,Predicted,,
2198,,556,42052,DDM,Predicted,,
2199,,556,48405,DDD,Predicted,,
2200,,175,46371,P,Predicted,,
2201,,175,46756,P,Predicted,,
2202,,556,46479,DDM,Predicted,,
2203,,486,33034,D*,Predicted,,
2204,,486,47477,M,Predicted,,
2205,,486,48845,D*,Predicted,,
2206,,486,42972,P,Predicted,,
2207,,486,27228,D*,Predicted,,
2208,,486,35271,D,Predicted,,
2209,,486,35499,M,Predicted,,
2210,,486,23650,D*,Predicted,,
2211,,486,43079,P,Predicted,,
2212,,486,21168,P,Predicted,,
2213,,464,42475,M,Predicted,,
2214,,464,47545,M,Predicted,,
2215,,464,42357,M,Predicted,,
2216,,464,33023,P,Predicted,,
2217,,464,45965,D*,Predicted,,
2218,,464,46003,P,Predicted,,
2219,,472,46874,MMM,Predicted,,
2220,,472,47244,DMM,Predicted,,
2221,,472,42615,DDM,Predicted,,
2222,,472,47240,D*D*D*,Predicted,,
2223,,573,42037,D*,Predicted,,
2224,,557,33165,MP,Predicted,,
2225,,557,32985,MP,Predicted,,
2226,,557,46303,MM,Predicted,,
2227,,557,41964,D*D*,Predicted,,
2228,,557,46232,D*D*,Predicted,,
2229,,560,41443,MM,Predicted,,
2230,,41,41939,D*,Final,,
2231,,41,41919,D*,Final,,
2232,,41,41934,D*,Final,,
2233,,41,42062,D*,Final,,
2234,,41,42642,D*,Final,,
2235,,625,36370,P,Predicted,,
2236,,472,22674,MMP,Predicted,,
2237,,472,46850,MMM,Predicted,,
2248,,514,46462,PPP,Predicted,,
2249,,472,22668,MMP,Predicted,,
2255,,503,48570,M,Final,,
2256,,503,47506,D*,Final,,
2257,,424,34879,D*,Final,,
2258,,116,38105,PPP,Predicted,,
2259,,114,46735,MMM,Predicted,,
2260,,114,42296,DMM,Predicted,,
2261,,625,46389,P,Predicted,,
2262,,514,47075,MPP,Predicted,,
2263,,514,42982,MMP,Predicted,,
2264,,514,42950,MMP,Predicted,,
2265,,514,43091,PPP,Predicted,,
2266,,513,22886,M,Final,,
2267,,513,35105,M,Final,,
2268,,513,35113,M,Final,,
2269,,513,23660,P,Final,,
2270,,513,43226,M,Final,,
2271,,513,34344,D,Final,,
2272,,513,42936,M,Final,,
2273,,513,34657,D,Final,,
2274,,513,43073,M,Final,,
2275,,513,47107,M,Final,,
2276,,513,26082,M,Final,,
2277,,513,47007,D,Final,,
2278,,513,34350,P,Predicted,,
2279,,513,43034,M,Final,,
2280,,488,46368,DD*D*,Predicted,,
2281,,622,35122,P,Final,,
2282,,488,33179,MPP,Predicted,,
2283,,168,33122,D*D*D*,Predicted,,
2284,,168,34689,D*D*D*,Predicted,,
2285,,168,35069,DD*D*,Predicted,,
2286,,168,14796,D*D*D*,Predicted,,
2287,,168,33363,D*D*D*,Predicted,,
2288,,471,45160,DD,Predicted,,
2289,,488,42137,MPP,Predicted,,
2290,,431,23773,P,Predicted,,
2291,,431,44417,P,Predicted,,
2292,,431,44421,P,Predicted,,
2293,,431,44423,P,Predicted,,
2294,,431,38161,P,Predicted,,
2295,,431,47591,P,Predicted,,
2296,,431,47824,P,Predicted,,
2297,,431,25441,P,Predicted,,
2298,,431,49423,P,Predicted,,
2299,,424,30818,D*,Final,,
2300,,424,36165,D*,Final,,
2301,,424,33162,D*,Final,,
2302,,424,33177,D*,Final,,
2303,,424,33408,D*,Final,,
2304,,424,35335,D*,Final,,
2305,,424,35730,P,Predicted,,
2306,,487,42169,M,Final,,
2307,,573,16846,M,Predicted,,
2308,,573,48084,D,Predicted,,
2309,,599,42483,MMM,Predicted,,
2310,,599,46063,DMM,Predicted,,
2311,,599,27599,MPP,Predicted,,
2312,,599,42744,DDM,Predicted,,
2313,,599,42589,MMM,Predicted,,
2314,,599,42661,MMM,Predicted,,
2315,,514,43224,MPP,Predicted,,
2316,,138,42788,MMM,Predicted,,
2317,,553,47949,PP,Predicted,,
2318,,455,39900,DDD*,Predicted,,
2319,,455,40688,DD*D*,Predicted,,
2320,,455,39901,DDD*,Predicted,,
2321,,455,43629,DDD,Predicted,,
2322,,455,40686,DDM,Predicted,,
2323,,455,43632,PPP,Predicted,,
2324,,28,33060,D*,Final,,
2325,,28,22071,D*,Final,,
2326,,28,33097,D*,Final,,
2327,,28,33320,D*,Final,,
2328,,28,41900,D*,Final,,
2329,,28,33024,M,Final,,
2330,,28,46246,D*,Final,,
2331,,28,46183,M,Predicted,,
2332,,28,41945,D*,Final,,
2333,,28,21966,D*,Final,,
2334,,28,33167,D*,Final,,
2335,,28,32984,D*,Final,,
2336,,28,46182,D*,Final,,
2337,,28,32982,D*,Final,,
2338,,28,41901,D*,Final,,
2339,,28,33140,D*,Final,,
2340,,28,46225,D*,Final,,
2341,,28,46171,D*,Final,,
2342,,28,33168,D,Final,,
2343,,28,46231,D*,Final,,
2344,,28,41979,D*,Final,,
2345,,28,33317,D*,Final,,
2346,,514,34925,PPP,Predicted,,
2347,,514,42952,DDM,Predicted,,
2348,,514,46475,DDD,Predicted,,
2349,,514,42924,PPP,Predicted,,
2350,,514,46446,DDD*,Predicted,,
2351,,514,34320,PPP,Predicted,,
2352,,514,42963,MPP,Predicted,,
2353,,514,42962,DDM,Predicted,,
2354,,514,23662,MPP,Predicted,,
2355,,514,42969,MMP,Predicted,,
2356,,514,34271,DDD,Predicted,,
2357,,404,42540,DM,Predicted,,
2358,,483,22667,P,Predicted,,
2359,,483,36963,P,Predicted,,
2360,,557,33132,MP,Predicted,,
2361,,471,42775,MP,Predicted,,
2363,,598,37498,P,Predicted,,
2364,,40,21218,DMM,Predicted,,
2365,,551,43155,D*D*,Final,,
2366,,551,22858,D*D*,Final,,
2367,,551,42526,MM,Predicted,,
2368,,551,46713,D*D*,Predicted,,
2369,,551,42305,DM,Final,,
2370,,488,42182,PPP,Predicted,,
2371,,488,45581,MMP,Predicted,,
2372,,488,46888,DD*D*,Predicted,,
2373,,634,26658,P,Predicted,,
2374,,488,42192,DMM,Predicted,,
2375,,551,42793,DM,Final,,
2376,,551,42269,MM,Predicted,,
2377,,514,46429,MMP,Predicted,,
2378,,455,40685,DDD*,Predicted,,
2380,,168,35189,DDD,Predicted,,
2381,,168,34196,DDD*,Predicted,,
2382,,168,33563,DDD,Predicted,,
2383,,397,21120,MPP,Predicted,,
2384,,457,21280,MP,Predicted,,
2385,,457,35837,PP,Predicted,,
2386,,457,35841,MP,Predicted,,
2387,,457,35856,PP,Predicted,,
2388,,557,33157,MP,Predicted,,
2389,,457,35533,MP,Predicted,,
2390,,457,35857,PP,Predicted,,
2391,,455,27071,PPP,Predicted,,
2392,,455,595,PPP,Predicted,,
2393,,455,30629,PPP,Predicted,,
2394,,455,30630,DMM,Predicted,,
2395,,455,30628,PPP,Predicted,,
2396,,455,37527,DMM,Predicted,,
2397,,639,30867,D,Predicted,,
2398,,638,30867,P,Predicted,,
2399,,168,45707,DMM,Predicted,,
2400,,556,23654,DDD*,Predicted,,
2401,,632,22185,D*D*,Predicted,,
2402,,551,26896,MM,Predicted,,
2403,,551,42503,DM,Final,,
2404,,634,47028,P,Predicted,,
2405,,471,46849,MP,Predicted,,
2406,,554,52171,P,Predicted,,
2407,,632,24007,MP,Predicted,,
2408,,632,42482,DM,Predicted,,
2409,,639,47942,D,Predicted,,
2410,,639,16685,M,Predicted,,
2411,,85,23408,MMP,Predicted,,
2412,,551,35883,MM,Predicted,,
2413,,40,34457,D*D*D*,Final,,
2414,,556,33243,DDD*,Predicted,,
2415,,633,46860,MMM,Predicted,,
2416,,557,33105,MP,Predicted,,
2417,,557,33171,MM,Predicted,,
2418,,556,41907,DDD*,Predicted,,
2419,,556,23301,MMP,Predicted,,
2420,,28,33178,D*,Final,,
2421,,556,22855,DDD,Predicted,,
2422,,625,25348,P,Predicted,,
2423,,409,34914,D*D*,Predicted,,
2424,,406,22053,MP,Final,,
2425,,503,24641,D*,Final,,
2426,,503,43086,M,Final,,
2427,,503,47504,D*,Final,,
2428,,503,47510,M,Final,,
2429,,503,35045,D,Final,,
2430,,503,47505,M,Predicted,,
2431,,503,23374,D*,Final,,
2432,,503,47508,D*,Final,,
2433,,503,42178,P,Final,,
2434,,540,24084,Pass,Final,,
2435,,634,24140,P,Predicted,,
2436,,114,36505,PPP,Predicted,,
2437,,107,23534,DDM,Final,,
2438,,557,24895,MP,Predicted,,
2439,,557,41971,MP,Predicted,,
2441,,531,42320,D*D,Final,,
2954,,462,46033,PPP,Predicted,,
2442,,531,34813,MM,Final,,
2443,,531,42425,MM,Final,,
2444,,156,45645,D*D*D*,Predicted,,
2445,,539,35094,Pass,Final,,
2446,,176,37813,PPP,Predicted,,
2447,,540,12788,Pass,Final,,
2448,,557,34992,D*D*,Predicted,,
2449,,557,14075,MP,Predicted,,
2477,,408,42273,Merit,Final,,
2455,,408,32199,Merit,Final,,
2974,,639,48010,P,Predicted,,
2480,,550,48203,PP,Final,,
2458,,408,45630,Merit,Final,,
2462,,408,35894,Pass,Final,,
2463,,633,46308,DDD,Predicted,,
2464,,114,42605,PPP,Predicted,,
2465,,28,46196,D*,Final,,
2466,,471,47626,MP,Predicted,,
2467,,639,47931,P,Predicted,,
2468,,639,36702,P,Predicted,,
2469,,566,21966,D*,Predicted,,
2470,,566,46171,D*,Predicted,,
2471,,28,35290,D,Predicted,,
2472,,28,41960,D*,Final,,
2473,,632,46279,D*D,Predicted,,
2474,,633,46423,D*D*D*,Predicted,,
2481,,557,46180,MP,Predicted,,
2482,,557,42004,MP,Predicted,,
2483,,28,41892,D*,Final,,
2484,,28,35972,D*,Final,,
2485,,28,33271,D*,Final,,
2486,,28,42013,D*,Final,,
2487,,28,41957,D*,Final,,
2488,,28,42063,D*,Final,,
2489,,28,46205,D*,Final,,
2490,,28,34204,D*,Final,,
2491,,28,22063,D*,Final,,
2492,,28,33231,M,Final,,
2493,,28,46223,D*,Final,,
2494,,28,41911,D*,Final,,
2495,,28,46208,D*,Final,,
2496,,28,42034,D*,Final,,
2497,,28,42020,D*,Final,,
2498,,28,34201,D*,Final,,
2499,,28,41923,D*,Final,,
2500,,28,46185,D*,Final,,
2501,,28,41924,D*,Final,,
2502,,28,33234,D,Final,,
2503,,28,42044,D*,Final,,
2504,,28,33103,M,Final,,
2505,,28,42012,D*,Final,,
2506,,28,22524,D,Final,,
2507,,28,42014,D*,Final,,
2508,,28,46186,D*,Final,,
2509,,28,42021,D,Final,,
2510,,454,53479,P,Predicted,,
2511,,573,23179,D,Predicted,,
2512,,408,42491,Merit,Final,,
2513,,408,42392,Merit,Final,,
2514,,408,42590,Merit,Final,,
2515,,408,45627,Merit,Final,,
2516,,408,42364,Merit,Final,,
2517,,408,45652,Merit,Final,,
2518,,408,42492,Pass,Final,,
2519,,556,42026,MMM,Predicted,,
2520,,408,43154,Merit,Final,,
2521,,531,46420,D*D,Final,,
2522,,134,34861,D*D*D*,Predicted,,
2523,,573,49286,D*,Predicted,,
2524,,556,42051,DDD*,Predicted,,
2525,,503,42771,M,Final,,
2526,,503,35851,M,Final,,
2527,,503,48881,P,Predicted,,
2528,,503,24016,D,Final,,
2529,,28,46211,D*,Final,,
2530,,28,41875,D*,Final,,
2531,,28,46480,D*,Final,,
2532,,28,19657,M,Final,,
2533,,531,42566,MM,Final,,
2534,,598,35729,P,Predicted,,
2535,,539,34459,Pass,Final,,
2536,,556,13894,DMM,Predicted,,
2537,,28,42025,D*,Final,,
2538,,408,21985,Merit,Final,,
2539,,408,36446,Merit,Final,,
2540,,408,45640,Merit,Final,,
2541,,408,45682,Merit,Final,,
2542,,408,47402,Merit,Final,,
2543,,408,35901,Pass,Final,,
2544,,621,53377,D*,Predicted,,
2545,,621,53376,D*,Predicted,,
2546,,621,33892,D*,Predicted,,
2547,,621,53375,D*,Predicted,,
2548,,621,53368,D*,Predicted,,
2549,,621,53373,D*,Predicted,,
2550,,621,53374,D*,Predicted,,
2551,,621,53372,D*,Predicted,,
2552,,621,53369,D*,Predicted,,
2553,,621,53371,D*,Predicted,,
2554,,621,33890,M,Predicted,,
2555,,621,33885,D*,Predicted,,
2556,,621,33888,M,Predicted,,
2557,,621,33886,M,Predicted,,
2558,,621,53370,D*,Predicted,,
2559,,639,22002,D,Predicted,,
2560,,621,53803,D*,Predicted,,
2561,,621,53436,D*,Predicted,,
2562,,621,53435,D*,Predicted,,
2563,,621,53433,D*,Predicted,,
2564,,621,53802,D*,Predicted,,
2565,,621,53431,D,Predicted,,
2566,,621,53437,M,Predicted,,
2567,,621,53432,M,Predicted,,
2568,,621,33329,D*,Predicted,,
2569,,531,22896,PP,Predicted,,
2570,,531,42249,PP,Predicted,,
2571,,531,24519,MM,Final,,
2572,,531,42340,DD,Final,,
2573,,531,42374,PP,Predicted,,
2574,,531,34895,MP,Final,,
2575,,134,42750,D*D*D*,Predicted,,
2576,,408,42388,Pass,Final,,
2577,,471,46322,MP,Predicted,,
2578,,633,42563,MMM,Predicted,,
2579,,409,35124,D*D*,Predicted,,
2580,,409,47760,D*D*,Predicted,,
2581,,573,34211,M,Final,,
2582,,571,33157,DM,Predicted,,
2583,,409,47835,D*D*,Predicted,,
2584,,409,47759,D*D*,Predicted,,
2585,,409,47834,D*D,Predicted,,
2586,,409,47750,D*D*,Predicted,,
2587,,409,42752,D*D*,Predicted,,
2588,,134,43878,D*D*D*,Predicted,,
2589,,560,47180,DM,Predicted,,
2590,,90,37359,M,Predicted,,
2591,,90,33867,D*,Predicted,,
2592,,90,36476,D*,Predicted,,
2593,,90,33870,M,Predicted,,
2594,,90,33871,D*,Predicted,,
2595,,90,33872,D*,Predicted,,
2596,,90,33874,D*,Predicted,,
2597,,90,34707,D*,Predicted,,
2598,,90,33876,D*,Predicted,,
2599,,90,33877,D*,Predicted,,
2600,,90,33878,D*,Predicted,,
2601,,90,33875,D*,Predicted,,
2602,,471,45598,MP,Predicted,,
2603,,573,44025,D,Predicted,,
2604,,451,47721,D*D*,Predicted,,
2605,,451,46900,D*D*,Predicted,,
2606,,409,47779,D*D*,Predicted,,
2607,,573,41873,D*,Final,,
2608,,556,41902,DDM,Predicted,,
2609,,556,46199,DDD,Predicted,,
2610,,557,41989,MP,Predicted,,
2611,,557,33057,MP,Predicted,,
2612,,28,41786,D*,Final,,
2613,,28,41958,D*,Final,,
2614,,556,42050,DDD*,Predicted,,
2615,,573,33322,P,Predicted,,
2616,,476,42693,P,Final,,
2617,,476,42309,M,Final,,
2618,,476,46966,P,Final,,
2619,,476,21431,P,Final,,
2620,,476,42424,D*,Final,,
2621,,476,42586,P,Final,,
2622,,476,46451,P,Final,,
2623,,539,15685,Pass,Final,,
2624,,556,22846,DMM,Predicted,,
2625,,556,26159,DDD*,Predicted,,
2626,,409,46456,D*D*,Predicted,,
2627,,409,34778,D*D*,Predicted,,
2628,,531,46419,MP,Final,,
2629,,556,41926,DDD*,Predicted,,
2630,,556,41866,DDM,Predicted,,
2631,,461,41152,MMP,Predicted,,
2632,,461,42318,MPP,Predicted,,
2633,,461,42631,PPP,Predicted,,
2634,,461,42625,MMP,Predicted,,
2635,,461,42316,DDD,Predicted,,
2636,,461,42319,MMM,Predicted,,
2637,,461,42533,DMM,Predicted,,
2638,,461,35052,MMP,Predicted,,
2639,,461,35007,DDM,Predicted,,
2640,,461,22229,MPP,Predicted,,
2641,,461,23367,MMM,Predicted,,
2642,,461,42676,DDM,Predicted,,
2643,,556,46236,DMM,Predicted,,
2644,,556,23638,PPP,Predicted,,
2645,,531,22021,PP,Final,,
2646,,556,41857,MPP,Predicted,,
2647,,556,46202,MPP,Predicted,,
2648,,633,46761,DD*D*,Predicted,,
2649,,633,49570,DMM,Predicted,,
2650,,531,34801,MM,Final,,
2651,,134,46467,D*D*D*,Predicted,,
2652,,556,46237,PPP,Predicted,,
2653,,556,36108,DDM,Predicted,,
2654,,556,46402,MPP,Predicted,,
2655,,556,22823,PPP,Predicted,,
2656,,451,46896,D*D*,Predicted,,
2657,,451,46892,D*D*,Predicted,,
2658,,639,32943,D,Predicted,,
2659,,557,24914,MM,Predicted,,
2660,,41,22613,M,Final,,
2661,,41,42030,D,Final,,
2662,,575,46485,M,Predicted,,
2663,,591,23476,D*D*D*,Predicted,,
2664,,591,47287,D*D*D*,Predicted,,
2665,,591,41973,D*D*D*,Predicted,,
2666,,633,46298,DDD*,Predicted,,
2667,,633,46278,DDD*,Predicted,,
2668,,556,22859,PPP,Predicted,,
2669,,551,35958,MM,Predicted,,
2670,,531,46436,MM,Final,,
2671,,531,46452,MP,Final,,
2672,,28,46207,M,Predicted,,
2673,,28,33410,M,Predicted,,
2674,,593,41766,M,Predicted,,
2675,,593,41864,D,Predicted,,
2676,,556,46170,DMM,Predicted,,
2677,,556,46192,DDD,Predicted,,
2678,,593,22683,P,Predicted,,
2679,,593,47704,D,Predicted,,
2680,,593,36501,D,Predicted,,
2681,,556,39270,DDM,Predicted,,
2682,,409,34764,D*D*,Predicted,,
2683,,593,41768,D*,Predicted,,
2684,,593,46387,M,Predicted,,
2685,,593,41970,P,Predicted,,
2686,,463,21836,P,Final,,
2687,,463,27415,M,Final,,
2688,,463,47957,P,Final,,
2689,,463,42647,M,Final,,
2690,,463,47296,P,Predicted,,
2691,,463,22506,P,Predicted,,
2692,,463,22603,M,Predicted,,
2693,,463,47320,P,Final,,
2694,,463,45977,P,Final,,
2695,,463,42713,M,Final,,
2696,,463,43187,P,Predicted,,
2697,,463,48714,P,Final,,
2698,,463,45978,P,Final,,
2699,,463,46010,M,Final,,
2700,,460,42614,DDD,Predicted,,
2701,,460,44040,DDD,Predicted,,
2702,,460,42418,MMP,Predicted,,
2703,,460,42569,DDD*,Predicted,,
2704,,460,43212,MMM,Predicted,,
2705,,460,42630,DDD*,Predicted,,
2706,,460,42795,D*D*D*,Predicted,,
2707,,460,42692,DMM,Predicted,,
2708,,460,46023,MMM,Predicted,,
2709,,460,46200,DDM,Predicted,,
2710,,593,47694,M,Predicted,,
2711,,593,42041,D,Predicted,,
2712,,593,42039,D,Predicted,,
2713,,556,33159,PPP,Predicted,,
2714,,488,42131,MPP,Predicted,,
2715,,556,46181,MMP,Predicted,,
2716,,556,41889,PPP,Predicted,,
2717,,409,47836,D*D*,Predicted,,
2718,,531,47464,MP,Final,,
2719,,534,46060,Merit,Final,,
2720,,534,47246,Distinction,Final,,
2721,,22,34297,MMM,Predicted,,
2722,,531,46442,MP,Final,,
2723,,531,46470,MP,Final,,
2724,,527,41867,Merit,Final,,
2725,,41,47256,P,Final,,
2726,,463,42496,P,Predicted,,
2727,,409,34968,D*D,Predicted,,
2728,,476,46425,P,Final,,
2729,,476,42634,P,Final,,
2730,,476,42297,P,Final,,
2731,,476,46447,D*,Final,,
2732,,476,42332,P,Final,,
2733,,476,46734,P,Final,,
2734,,476,21382,P,Final,,
2735,,632,21832,MM,Predicted,,
2736,,556,41912,MMM,Predicted,,
2737,,409,22889,D*D*,Predicted,,
2738,,560,47179,MM,Predicted,,
2739,,560,46736,PP,Predicted,,
2740,,560,47681,MP,Predicted,,
2741,,560,46218,PP,Predicted,,
2742,,560,45521,PP,Predicted,,
2743,,560,45164,MM,Predicted,,
2744,,560,24542,PP,Predicted,,
2745,,560,46243,PP,Predicted,,
2746,,560,47544,PP,Predicted,,
2747,,560,43843,PP,Predicted,,
2748,,560,35698,PP,Predicted,,
2749,,560,15107,PP,Predicted,,
2750,,560,41836,PP,Predicted,,
2751,,560,43899,DD,Predicted,,
2752,,560,43859,PP,Predicted,,
2753,,560,47474,PP,Predicted,,
2754,,560,43881,PP,Predicted,,
2755,,560,43842,PP,Predicted,,
2756,,560,47325,MM,Predicted,,
2757,,560,48202,PP,Predicted,,
2758,,560,46306,PP,Predicted,,
2759,,633,47005,DDM,Predicted,,
2760,,633,42668,DDM,Predicted,,
2761,,633,46281,DMM,Predicted,,
2762,,633,35200,PPP,Predicted,,
2763,,633,42896,MPP,Predicted,,
2764,,633,46287,MMP,Predicted,,
2765,,633,42527,PPP,Predicted,,
2766,,556,41896,PPP,Predicted,,
2767,,22,34329,MMM,Predicted,,
2768,,556,46172,PPP,Predicted,,
2769,,556,41910,PPP,Predicted,,
2770,,50,35017,DDM,Predicted,,
2771,,556,41967,PPP,Predicted,,
2772,,409,47773,D*D*,Predicted,,
2773,,409,47833,D*D*,Predicted,,
2774,,531,46461,MP,Final,,
2775,,531,46454,D*D,Final,,
2776,,531,46463,PP,Final,,
2777,,531,46459,MP,Final,,
2778,,531,46473,MM,Final,,
2779,,464,25712,M,Predicted,,
2780,,534,48728,Merit,Final,,
2781,,487,42135,P,Predicted,,
2782,,579,42040,D*D*,Predicted,,
2783,,134,46416,D*D*D*,Predicted,,
2784,,487,42139,P,Predicted,,
2785,,451,47761,D*D*,Predicted,,
2786,,451,47699,D*D*,Predicted,,
2787,,451,42604,D*D*,Predicted,,
2788,,531,34887,PP,Final,,
2789,,531,46766,PP,Predicted,,
2790,,531,42565,MP,Final,,
2791,,531,46443,MP,Final,,
2792,,634,35723,P,Predicted,,
2793,,466,47351,PPP,Predicted,,
2794,,538,25489,Pass,Final,,
2795,,409,47446,MP,Predicted,,
2796,,409,48468,PP,Predicted,,
2797,,168,22139,DMM,Predicted,,
2798,,561,46358,MPP,Predicted,,
2799,,560,34905,D*D*,Predicted,,
2800,,540,13348,Pass,Final,,
2801,,451,46897,D*D*,Predicted,,
2802,,451,46905,D*D*,Predicted,,
2803,,451,46893,D*D*,Predicted,,
2804,,451,46903,D*D*,Predicted,,
2805,,557,34194,MP,Predicted,,
2806,,556,41953,DMM,Predicted,,
2807,,28,46210,D,Predicted,,
2808,,632,46292,DM,Predicted,,
2809,,538,35994,Pass,Final,,
2810,,538,21181,Pass,Final,,
2811,,538,42669,Pass,Final,,
2812,,538,30109,Pass,Final,,
2813,,538,46869,Pass,Final,,
2814,,538,46883,Pass,Final,,
2815,,538,23635,Pass,Final,,
2816,,538,26086,Pass,Final,,
2817,,538,42323,Pass,Final,,
2818,,538,42575,Pass,Final,,
2819,,409,24769,D*D*,Predicted,,
2820,,409,47758,D*D*,Predicted,,
2821,,409,47842,D*D*,Predicted,,
2822,,570,25442,D*,Predicted,,
2823,,531,42736,MP,Final,,
2824,,488,42170,PPP,Predicted,,
2825,,488,42148,MPP,Predicted,,
2826,,531,46762,PP,Final,,
2827,,409,47780,D*D*,Predicted,,
2828,,538,35308,Pass,Final,,
2829,,122,36315,MPP,Predicted,,
2830,,527,46437,Distinction,Final,,
2831,,527,41977,Distinction,Final,,
2832,,531,32914,MM,Final,,
2833,,560,47853,PP,Predicted,,
2834,,560,47797,PP,Predicted,,
2835,,538,22281,Pass,Final,,
2836,,532,31958,Distinction,Final,,
2837,,532,33453,Distinction,Final,,
2838,,532,35748,Distinction,Final,,
2839,,532,33319,Distinction,Final,,
2840,,532,33321,Merit,Final,,
2841,,532,34370,Distinction,Final,,
2842,,532,37014,Merit,Final,,
2843,,532,33267,Distinction,Final,,
2844,,532,32701,Distinction,Final,,
2845,,532,35735,Distinction,Final,,
2846,,561,33164,PPP,Predicted,,
2847,,540,13054,Pass,Final,,
2848,,539,34479,Pass,Final,,
2849,,570,35060,D*,Predicted,,
2850,,540,24161,Pass,Final,,
2851,,561,47239,MMP,Predicted,,
2852,,560,35415,PP,Predicted,,
2853,,531,46438,PP,Predicted,,
2854,,632,35138,MP,Predicted,,
2855,,578,22712,M,Predicted,,
2856,,578,46448,M,Predicted,,
2857,,578,42054,M,Predicted,,
2858,,527,41994,Merit,Final,,
2859,,527,46890,Distinction,Final,,
2860,,578,42024,M,Predicted,,
2861,,578,41916,P,Predicted,,
2862,,517,47263,DDD*,Predicted,,
2863,,28,53369,D*,Predicted,,
2864,,578,46430,P,Predicted,,
2865,,538,22713,Pass,Final,,
2866,,538,42581,Pass,Final,,
2867,,578,49712,M,Predicted,,
2868,,578,35882,P,Predicted,,
2869,,578,46445,M,Predicted,,
2870,,527,46444,Distinction,Final,,
2871,,561,34282,PPP,Predicted,,
2872,,561,41762,DMM,Predicted,,
2873,,561,47241,PPP,Predicted,,
2874,,561,34305,PPP,Predicted,,
2875,,561,41773,MPP,Predicted,,
2876,,578,47548,M,Predicted,,
2877,,538,42312,Pass,Final,,
2878,,451,46895,D*D*,Predicted,,
2879,,451,46898,D*D*,Predicted,,
2880,,451,46902,D*D*,Predicted,,
2881,,409,47158,D*D*,Predicted,,
2882,,409,16653,PP,Predicted,,
2883,,409,49090,PP,Predicted,,
2884,,409,47732,D*D*,Predicted,,
2885,,561,41774,MMM,Predicted,,
2886,,561,22824,PPP,Predicted,,
2887,,451,42781,D*D*,Predicted,,
2888,,540,13732,Pass,Final,,
2889,,561,47238,PPP,Predicted,,
2890,,539,34488,Pass,Final,,
2891,,539,36442,Pass,Final,,
2892,,409,12831,PP,Predicted,,
2893,,579,37415,D*D*,Predicted,,
2894,,409,43925,PP,Predicted,,
2895,,451,46894,D*D*,Predicted,,
2896,,561,41769,DDM,Predicted,,
2897,,636,47861,PP,Predicted,,
2898,,636,47860,PP,Predicted,,
2899,,486,46435,P,Predicted,,
2900,,409,42720,MP,Predicted,,
2901,,578,41996,P,Predicted,,
2902,,539,52387,Pass,Final,,
2903,,561,14049,PPP,Predicted,,
2904,,561,46361,PPP,Predicted,,
2905,,409,47777,D*D*,Predicted,,
2906,,22,34284,MMM,Predicted,,
2907,,632,35199,MP,Predicted,,
2908,,560,23643,PP,Predicted,,
2909,,573,33457,P,Predicted,,
2910,,632,35111,MP,Predicted,,
2911,,538,42543,Pass,Final,,
2912,,460,42373,DDM,Predicted,,
2913,,460,42494,MMP,Predicted,,
2914,,455,359,D*D*D*,Predicted,,
2915,,107,35028,PPP,Predicted,,
2916,,538,34131,Pass,Final,,
2917,,632,35403,MP,Predicted,,
2918,,561,46417,PPP,Predicted,,
2919,,561,36313,PPP,Predicted,,
2920,,561,22861,PPP,Predicted,,
2921,,528,34374,Distinction,Final,,
2922,,538,26054,Pass,Final,,
2923,,538,42695,Pass,Final,,
2924,,561,22817,MPP,Predicted,,
2925,,540,24101,Pass,Final,,
2926,,538,22682,Pass,Final,,
2927,,460,35436,DDD,Predicted,,
2928,,539,34526,Pass,Final,,
2929,,538,43880,Pass,Final,,
2930,,538,48099,Pass,Final,,
2931,,168,33518,MMM,Predicted,,
2932,,584,21313,PPP,Predicted,,
2933,,538,42523,Pass,Final,,
2934,,538,26087,Pass,Final,,
2935,,460,42502,MMM,Predicted,,
2936,,527,46466,Distinction,Final,,
2937,,539,34462,Pass,Final,,
2938,,528,34351,Distinction,Final,,
2939,,490,42169,M,Predicted,,
2940,,490,42139,P,Predicted,,
2941,,490,42135,M,Predicted,,
2942,,538,48140,Pass,Final,,
2943,,540,11687,Pass,Final,,
2944,,540,48361,Pass,Final,,
2945,,460,21906,MMP,Predicted,,
2946,,460,35437,MPP,Predicted,,
2947,,460,43171,MPP,Predicted,,
2948,,460,43196,MMP,Predicted,,
2949,,460,42366,MMM,Predicted,,
2950,,460,43203,MPP,Predicted,,
2951,,538,41528,Pass,Final,,
2952,,560,36407,PP,Predicted,,
2953,,560,25572,PP,Predicted,,
2955,,451,47430,D*D*,Predicted,,
2956,,409,47837,D*D,Predicted,,
2957,,409,42560,D*D*,Predicted,,
2958,,409,47685,D*D*,Predicted,,
2959,,409,47736,D*D*,Predicted,,
2960,,409,47161,D*D*,Predicted,,
2961,,409,48275,D*D*,Predicted,,
2962,,553,46129,PP,Final,,
2963,,627,43489,D,Predicted,,
2964,,540,23992,Pass,Final,,
2965,,540,24004,Pass,Final,,
2966,,542,24050,Pass,Final,,
2967,,462,45955,PPP,Predicted,,
2968,,542,24181,Pass,Final,,
2969,,542,24043,Pass,Final,,
2970,,409,47159,D*D*,Predicted,,
2971,,409,47983,PP,Predicted,,
2972,,409,49064,D*D,Predicted,,
2973,,639,33086,D,Predicted,,
2975,,538,46844,Pass,Final,,
2976,,538,48087,Pass,Final,,
2977,,538,46854,Pass,Final,,
2978,,466,14853,PPP,Predicted,,
2979,,539,34166,Pass,Final,,
2980,,533,19446,Merit,Final,,
2981,,533,21351,Distinction,Final,,
